 T(K), G(T)(S;siemens), G(T)(microS), 
 100.0000000000000, .2983450220364618E-04, 29.83450220364618, 
 101.0000000000000, .2981989764798168E-04, 29.81989764798168, 
 102.0000000000000, .2980520061258916E-04, 29.80520061258916, 
 103.0000000000000, .2979041219927763E-04, 29.79041219927763, 
 104.0000000000000, .2977553350466806E-04, 29.77553350466806, 
 105.0000000000000, .2976056562008094E-04, 29.76056562008094, 
 106.0000000000000, .2974550963142870E-04, 29.74550963142870, 
 107.0000000000000, .2973036661911294E-04, 29.73036661911294, 
 108.0000000000000, .2971513765792499E-04, 29.71513765792498, 
 109.0000000000000, .2969982381695242E-04, 29.69982381695242, 
 110.0000000000000, .2968442615948643E-04, 29.68442615948643, 
 111.0000000000000, .2966894574293653E-04, 29.66894574293653, 
 112.0000000000000, .2965338361874808E-04, 29.65338361874808, 
 113.0000000000000, .2963774083232235E-04, 29.63774083232235, 
 114.0000000000000, .2962201842294229E-04, 29.62201842294229, 
 115.0000000000000, .2960621742369982E-04, 29.60621742369982, 
 116.0000000000000, .2959033886142877E-04, 29.59033886142877, 
 117.0000000000000, .2957438375663968E-04, 29.57438375663968, 
 118.0000000000000, .2955835312345792E-04, 29.55835312345792, 
 119.0000000000000, .2954224796956680E-04, 29.54224796956680, 
 120.0000000000000, .2952606929615191E-04, 29.52606929615191, 
 121.0000000000000, .2950981809784894E-04, 29.50981809784894, 
 122.0000000000000, .2949349536269569E-04, 29.49349536269569, 
 123.0000000000000, .2947710207208531E-04, 29.47710207208532, 
 124.0000000000000, .2946063920072420E-04, 29.46063920072420, 
 125.0000000000000, .2944410771659008E-04, 29.44410771659008, 
 126.0000000000000, .2942750858089662E-04, 29.42750858089662, 
 127.0000000000000, .2941084274805622E-04, 29.41084274805622, 
 128.0000000000000, .2939411116564872E-04, 29.39411116564872, 
 129.0000000000000, .2937731477439175E-04, 29.37731477439175, 
 130.0000000000000, .2936045450811269E-04, 29.36045450811269, 
 131.0000000000000, .2934353129372274E-04, 29.34353129372274, 
 132.0000000000000, .2932654605119558E-04, 29.32654605119558, 
 133.0000000000000, .2930949969354541E-04, 29.30949969354540, 
 134.0000000000000, .2929239312680911E-04, 29.29239312680911, 
 135.0000000000000, .2927522725003011E-04, 29.27522725003011, 
 136.0000000000000, .2925800295524270E-04, 29.25800295524270, 
 137.0000000000000, .2924072112746087E-04, 29.24072112746087, 
 138.0000000000000, .2922338264466795E-04, 29.22338264466795, 
 139.0000000000000, .2920598837780734E-04, 29.20598837780733, 
 140.0000000000000, .2918853919077588E-04, 29.18853919077588, 
 141.0000000000000, .2917103594042021E-04, 29.17103594042021, 
 142.0000000000000, .2915347947653160E-04, 29.15347947653160, 
 143.0000000000000, .2913587064184581E-04, 29.13587064184581, 
 144.0000000000000, .2911821027204297E-04, 29.11821027204297, 
 145.0000000000000, .2910049919574954E-04, 29.10049919574954, 
 146.0000000000000, .2908273823454102E-04, 29.08273823454102, 
 147.0000000000000, .2906492820294717E-04, 29.06492820294717, 
 148.0000000000000, .2904706990845881E-04, 29.04706990845881, 
 149.0000000000000, .2902916415153416E-04, 29.02916415153416, 
 150.0000000000000, .2901121172560947E-04, 29.01121172560947, 
 151.0000000000000, .2899321341710915E-04, 28.99321341710915, 
 152.0000000000000, .2897517000545648E-04, 28.97517000545648, 
 153.0000000000000, .2895708226308806E-04, 28.95708226308806, 
 154.0000000000000, .2893895095546722E-04, 28.93895095546722, 
 155.0000000000000, .2892077684110056E-04, 28.92077684110055, 
 156.0000000000000, .2890256067155353E-04, 28.90256067155353, 
 157.0000000000000, .2888430319146900E-04, 28.88430319146901, 
 158.0000000000000, .2886600513858559E-04, 28.86600513858559, 
 159.0000000000000, .2884766724375817E-04, 28.84766724375817, 
 160.0000000000000, .2882929023097996E-04, 28.82929023097996, 
 161.0000000000000, .2881087481740198E-04, 28.81087481740198, 
 162.0000000000000, .2879242171335896E-04, 28.79242171335897, 
 163.0000000000000, .2877393162239125E-04, 28.77393162239125, 
 164.0000000000000, .2875540524127094E-04, 28.75540524127095, 
 165.0000000000000, .2873684326002850E-04, 28.73684326002850, 
 166.0000000000000, .2871824636197666E-04, 28.71824636197666, 
 167.0000000000000, .2869961522374160E-04, 28.69961522374160, 
 168.0000000000000, .2868095051528889E-04, 28.68095051528889, 
 169.0000000000000, .2866225289995329E-04, 28.66225289995329, 
 170.0000000000000, .2864352303446920E-04, 28.64352303446920, 
 171.0000000000000, .2862476156900093E-04, 28.62476156900093, 
 172.0000000000000, .2860596914717413E-04, 28.60596914717413, 
 173.0000000000000, .2858714640610872E-04, 28.58714640610872, 
 174.0000000000000, .2856829397645010E-04, 28.56829397645010, 
 175.0000000000000, .2854941248240409E-04, 28.54941248240409, 
 176.0000000000000, .2853050254177061E-04, 28.53050254177061, 
 177.0000000000000, .2851156476597798E-04, 28.51156476597798, 
 178.0000000000000, .2849259976011841E-04, 28.49259976011841, 
 179.0000000000000, .2847360812298347E-04, 28.47360812298347, 
 180.0000000000000, .2845459044710160E-04, 28.45459044710160, 
 181.0000000000000, .2843554731877319E-04, 28.43554731877319, 
 182.0000000000000, .2841647931810956E-04, 28.41647931810956, 
 183.0000000000000, .2839738701906980E-04, 28.39738701906980, 
 184.0000000000000, .2837827098949936E-04, 28.37827098949936, 
 185.0000000000000, .2835913179116893E-04, 28.35913179116893, 
 186.0000000000000, .2833996997981302E-04, 28.33996997981302, 
 187.0000000000000, .2832078610517068E-04, 28.32078610517068, 
 188.0000000000000, .2830158071102349E-04, 28.30158071102349, 
 189.0000000000000, .2828235433523765E-04, 28.28235433523765, 
 190.0000000000000, .2826310750980293E-04, 28.26310750980293, 
 191.0000000000000, .2824384076087616E-04, 28.24384076087616, 
 192.0000000000000, .2822455460881852E-04, 28.22455460881852, 
 193.0000000000000, .2820524956824076E-04, 28.20524956824076, 
 194.0000000000000, .2818592614804302E-04, 28.18592614804302, 
 195.0000000000000, .2816658485145708E-04, 28.16658485145708, 
 196.0000000000000, .2814722617608876E-04, 28.14722617608876, 
 197.0000000000000, .2812785061396098E-04, 28.12785061396098, 
 198.0000000000000, .2810845865155481E-04, 28.10845865155482, 
 199.0000000000000, .2808905076985422E-04, 28.08905076985423, 
 200.0000000000000, .2806962744438789E-04, 28.06962744438789, 
 201.0000000000000, .2805018914527303E-04, 28.05018914527303, 
 202.0000000000000, .2803073633725751E-04, 28.03073633725751, 
 203.0000000000000, .2801126947976476E-04, 28.01126947976476, 
 204.0000000000000, .2799178902693771E-04, 27.99178902693771, 
 205.0000000000000, .2797229542767935E-04, 27.97229542767935, 
 206.0000000000000, .2795278912570037E-04, 27.95278912570037, 
 207.0000000000000, .2793327055956007E-04, 27.93327055956007, 
 208.0000000000000, .2791374016271257E-04, 27.91374016271257, 
 209.0000000000000, .2789419836354773E-04, 27.89419836354773, 
 210.0000000000000, .2787464558543877E-04, 27.87464558543877, 
 211.0000000000000, .2785508224678283E-04, 27.85508224678283, 
 212.0000000000000, .2783550876104708E-04, 27.83550876104708, 
 213.0000000000000, .2781592553681162E-04, 27.81592553681162, 
 214.0000000000000, .2779633297781429E-04, 27.79633297781429, 
 215.0000000000000, .2777673148299384E-04, 27.77673148299383, 
 216.0000000000000, .2775712144653391E-04, 27.75712144653390, 
 217.0000000000000, .2773750325790780E-04, 27.73750325790780, 
 218.0000000000000, .2771787730192027E-04, 27.71787730192027, 
 219.0000000000000, .2769824395875332E-04, 27.69824395875332, 
 220.0000000000000, .2767860360400908E-04, 27.67860360400908, 
 221.0000000000000, .2765895660875294E-04, 27.65895660875294, 
 222.0000000000000, .2763930333955675E-04, 27.63930333955675, 
 223.0000000000000, .2761964415854341E-04, 27.61964415854341, 
 224.0000000000000, .2759997942342963E-04, 27.59997942342963, 
 225.0000000000000, .2758030948756748E-04, 27.58030948756748, 
 226.0000000000000, .2756063469998986E-04, 27.56063469998986, 
 227.0000000000000, .2754095540545161E-04, 27.54095540545161, 
 228.0000000000000, .2752127194447264E-04, 27.52127194447264, 
 229.0000000000000, .2750158465338022E-04, 27.50158465338022, 
 230.0000000000000, .2748189386435230E-04, 27.48189386435230, 
 231.0000000000000, .2746219990545810E-04, 27.46219990545810, 
 232.0000000000000, .2744250310070096E-04, 27.44250310070096, 
 233.0000000000000, .2742280377006103E-04, 27.42280377006103, 
 234.0000000000000, .2740310222953562E-04, 27.40310222953562, 
 235.0000000000000, .2738339879118029E-04, 27.38339879118029, 
 236.0000000000000, .2736369376315174E-04, 27.36369376315174, 
 237.0000000000000, .2734398744974739E-04, 27.34398744974739, 
 238.0000000000000, .2732428015144627E-04, 27.32428015144627, 
 239.0000000000000, .2730457216495144E-04, 27.30457216495144, 
 240.0000000000000, .2728486378322729E-04, 27.28486378322729, 
 241.0000000000000, .2726515529554189E-04, 27.26515529554188, 
 242.0000000000000, .2724544698750616E-04, 27.24544698750616, 
 243.0000000000000, .2722573914111382E-04, 27.22573914111382, 
 244.0000000000000, .2720603203478028E-04, 27.20603203478028, 
 245.0000000000000, .2718632594338238E-04, 27.18632594338237, 
 246.0000000000000, .2716662113829631E-04, 27.16662113829630, 
 247.0000000000000, .2714691788743758E-04, 27.14691788743758, 
 248.0000000000000, .2712721645529868E-04, 27.12721645529868, 
 249.0000000000000, .2710751710298663E-04, 27.10751710298663, 
 250.0000000000000, .2708782008826229E-04, 27.08782008826229, 
 251.0000000000000, .2706812566557646E-04, 27.06812566557646, 
 252.0000000000000, .2704843408610827E-04, 27.04843408610828, 
 253.0000000000000, .2702874559780147E-04, 27.02874559780146, 
 254.0000000000000, .2700906044540155E-04, 27.00906044540155, 
 255.0000000000000, .2698937887049206E-04, 26.98937887049206, 
 256.0000000000000, .2696970111153146E-04, 26.96970111153146, 
 257.0000000000000, .2695002740388745E-04, 26.95002740388745, 
 258.0000000000000, .2693035797987486E-04, 26.93035797987486, 
 259.0000000000000, .2691069306878820E-04, 26.91069306878820, 
 260.0000000000000, .2689103289693976E-04, 26.89103289693976, 
 261.0000000000000, .2687137768769156E-04, 26.87137768769156, 
 262.0000000000000, .2685172766149171E-04, 26.85172766149171, 
 263.0000000000000, .2683208303590848E-04, 26.83208303590849, 
 264.0000000000000, .2681244402566236E-04, 26.81244402566236, 
 265.0000000000000, .2679281084266181E-04, 26.79281084266181, 
 266.0000000000000, .2677318369603471E-04, 26.77318369603471, 
 267.0000000000000, .2675356279216339E-04, 26.75356279216339, 
 268.0000000000000, .2673394833471548E-04, 26.73394833471548, 
 269.0000000000000, .2671434052467675E-04, 26.71434052467675, 
 270.0000000000000, .2669473956038418E-04, 26.69473956038418, 
 271.0000000000000, .2667514563755571E-04, 26.67514563755571, 
 272.0000000000000, .2665555894932444E-04, 26.65555894932444, 
 273.0000000000000, .2663597968626682E-04, 26.63597968626682, 
 274.0000000000000, .2661640803643637E-04, 26.61640803643637, 
 275.0000000000000, .2659684418539179E-04, 26.59684418539179, 
 276.0000000000000, .2657728831622894E-04, 26.57728831622894, 
 277.0000000000000, .2655774060961044E-04, 26.55774060961044, 
 278.0000000000000, .2653820124379454E-04, 26.53820124379454, 
 279.0000000000000, .2651867039466520E-04, 26.51867039466520, 
 280.0000000000000, .2649914823576135E-04, 26.49914823576135, 
 281.0000000000000, .2647963493830510E-04, 26.47963493830510, 
 282.0000000000000, .2646013067123052E-04, 26.46013067123052, 
 283.0000000000000, .2644063560121197E-04, 26.44063560121197, 
 284.0000000000000, .2642114989269161E-04, 26.42114989269161, 
 285.0000000000000, .2640167370790765E-04, 26.40167370790765, 
 286.0000000000000, .2638220720692041E-04, 26.38220720692041, 
 287.0000000000000, .2636275054764075E-04, 26.36275054764075, 
 288.0000000000000, .2634330388585598E-04, 26.34330388585598, 
 289.0000000000000, .2632386737525641E-04, 26.32386737525641, 
 290.0000000000000, .2630444116746168E-04, 26.30444116746168, 
 291.0000000000000, .2628502541204669E-04, 26.28502541204669, 
 292.0000000000000, .2626562025656646E-04, 26.26562025656646, 
 293.0000000000000, .2624622584658221E-04, 26.24622584658221, 
 294.0000000000000, .2622684232568613E-04, 26.22684232568613, 
 295.0000000000000, .2620746983552567E-04, 26.20746983552567, 
 296.0000000000000, .2618810851582873E-04, 26.18810851582873, 
 297.0000000000000, .2616875850442746E-04, 26.16875850442746, 
 298.0000000000000, .2614941993728158E-04, 26.14941993728157, 
 299.0000000000000, .2613009294850298E-04, 26.13009294850298, 
 300.0000000000000, .2611077767037815E-04, 26.11077767037815, 
 301.0000000000000, .2609147423339239E-04, 26.09147423339239, 
 302.0000000000000, .2607218276625082E-04, 26.07218276625082, 
 303.0000000000000, .2605290339590319E-04, 26.05290339590319, 
 304.0000000000000, .2603363624756355E-04, 26.03363624756355, 
 305.0000000000000, .2601438144473491E-04, 26.01438144473492, 
 306.0000000000000, .2599513910922831E-04, 25.99513910922831, 
 307.0000000000000, .2597590936118600E-04, 25.97590936118600, 
 308.0000000000000, .2595669231910367E-04, 25.95669231910367, 
 309.0000000000000, .2593748809984749E-04, 25.93748809984749, 
 310.0000000000000, .2591829681867904E-04, 25.91829681867904, 
 311.0000000000000, .2589911858927368E-04, 25.89911858927368, 
 312.0000000000000, .2587995352374047E-04, 25.87995352374047, 
 313.0000000000000, .2586080173264319E-04, 25.86080173264319, 
 314.0000000000000, .2584166332501966E-04, 25.84166332501966, 
 315.0000000000000, .2582253840840034E-04, 25.82253840840034, 
 316.0000000000000, .2580342708882877E-04, 25.80342708882877, 
 317.0000000000000, .2578432947088017E-04, 25.78432947088017, 
 318.0000000000000, .2576524565767966E-04, 25.76524565767966, 
 319.0000000000000, .2574617575092102E-04, 25.74617575092102, 
 320.0000000000000, .2572711985088516E-04, 25.72711985088516, 
 321.0000000000000, .2570807805645804E-04, 25.70807805645805, 
 322.0000000000000, .2568905046514828E-04, 25.68905046514828, 
 323.0000000000000, .2567003717310487E-04, 25.67003717310487, 
 324.0000000000000, .2565103827513464E-04, 25.65103827513465, 
 325.0000000000000, .2563205386471929E-04, 25.63205386471929, 
 326.0000000000000, .2561308403403167E-04, 25.61308403403167, 
 327.0000000000000, .2559412887395333E-04, 25.59412887395333, 
 328.0000000000000, .2557518847409155E-04, 25.57518847409155, 
 329.0000000000000, .2555626292279279E-04, 25.55626292279279, 
 330.0000000000000, .2553735230716218E-04, 25.53735230716218, 
 331.0000000000000, .2551845671307670E-04, 25.51845671307670, 
 332.0000000000000, .2549957622520332E-04, 25.49957622520332, 
 333.0000000000000, .2548071092701109E-04, 25.48071092701109, 
 334.0000000000000, .2546186090078954E-04, 25.46186090078954, 
 335.0000000000000, .2544302622766198E-04, 25.44302622766198, 
 336.0000000000000, .2542420698759999E-04, 25.42420698759999, 
 337.0000000000000, .2540540325944004E-04, 25.40540325944004, 
 338.0000000000000, .2538661512089507E-04, 25.38661512089507, 
 339.0000000000000, .2536784264857133E-04, 25.36784264857133, 
 340.0000000000000, .2534908591797995E-04, 25.34908591797995, 
 341.0000000000000, .2533034500355375E-04, 25.33034500355375, 
 342.0000000000000, .2531161997865787E-04, 25.31161997865787, 
 343.0000000000000, .2529291091560493E-04, 25.29291091560493, 
 344.0000000000000, .2527421788566784E-04, 25.27421788566784, 
 345.0000000000000, .2525554095909331E-04, 25.25554095909331, 
 346.0000000000000, .2523688020511437E-04, 25.23688020511436, 
 347.0000000000000, .2521823569196268E-04, 25.21823569196268, 
 348.0000000000000, .2519960748688243E-04, 25.19960748688243, 
 349.0000000000000, .2518099565614144E-04, 25.18099565614144, 
 350.0000000000000, .2516240026504346E-04, 25.16240026504346, 
 351.0000000000000, .2514382137794115E-04, 25.14382137794115, 
 352.0000000000000, .2512525905824818E-04, 25.12525905824818, 
 353.0000000000000, .2510671336844870E-04, 25.10671336844870, 
 354.0000000000000, .2508818437011126E-04, 25.08818437011126, 
 355.0000000000000, .2506967212389936E-04, 25.06967212389936, 
 356.0000000000000, .2505117668958287E-04, 25.05117668958287, 
 357.0000000000000, .2503269812604853E-04, 25.03269812604853, 
 358.0000000000000, .2501423649131183E-04, 25.01423649131183, 
 359.0000000000000, .2499579184252662E-04, 24.99579184252662, 
 360.0000000000000, .2497736423599721E-04, 24.97736423599721, 
 361.0000000000000, .2495895372718787E-04, 24.95895372718787, 
 362.0000000000000, .2494056037073272E-04, 24.94056037073273, 
 363.0000000000000, .2492218422044769E-04, 24.92218422044769, 
 364.0000000000000, .2490382532933801E-04, 24.90382532933801, 
 365.0000000000000, .2488548374961128E-04, 24.88548374961128, 
 366.0000000000000, .2486715953268388E-04, 24.86715953268388, 
 367.0000000000000, .2484885272919359E-04, 24.84885272919359, 
 368.0000000000000, .2483056338900680E-04, 24.83056338900681, 
 369.0000000000000, .2481229156122905E-04, 24.81229156122905, 
 370.0000000000000, .2479403729421459E-04, 24.79403729421459, 
 371.0000000000000, .2477580063557429E-04, 24.77580063557429, 
 372.0000000000000, .2475758163218486E-04, 24.75758163218486, 
 373.0000000000000, .2473938033019973E-04, 24.73938033019973, 
 374.0000000000000, .2472119677505405E-04, 24.72119677505405, 
 375.0000000000000, .2470303101147659E-04, 24.70303101147659, 
 376.0000000000000, .2468488308349730E-04, 24.68488308349730, 
 377.0000000000000, .2466675303445409E-04, 24.66675303445409, 
 378.0000000000000, .2464864090700344E-04, 24.64864090700344, 
 379.0000000000000, .2463054674312653E-04, 24.63054674312653, 
 380.0000000000000, .2461247058413841E-04, 24.61247058413841, 
 381.0000000000000, .2459441247069650E-04, 24.59441247069650, 
 382.0000000000000, .2457637244280608E-04, 24.57637244280608, 
 383.0000000000000, .2455835053983019E-04, 24.55835053983019, 
 384.0000000000000, .2454034680049577E-04, 24.54034680049577, 
 385.0000000000000, .2452236126290255E-04, 24.52236126290255, 
 386.0000000000000, .2450439396452812E-04, 24.50439396452812, 
 387.0000000000000, .2448644494223821E-04, 24.48644494223821, 
 388.0000000000000, .2446851423229138E-04, 24.46851423229138, 
 389.0000000000000, .2445060187034616E-04, 24.45060187034616, 
 390.0000000000000, .2443270789146974E-04, 24.43270789146974, 
 391.0000000000000, .2441483233014357E-04, 24.41483233014357, 
 392.0000000000000, .2439697522027031E-04, 24.39697522027031, 
 393.0000000000000, .2437913659517954E-04, 24.37913659517953, 
 394.0000000000000, .2436131648763674E-04, 24.36131648763674, 
 395.0000000000000, .2434351492984681E-04, 24.34351492984680, 
 396.0000000000000, .2432573195346278E-04, 24.32573195346279, 
 397.0000000000000, .2430796758959089E-04, 24.30796758959089, 
 398.0000000000000, .2429022186879668E-04, 24.29022186879668, 
 399.0000000000000, .2427249482111188E-04, 24.27249482111188, 
 400.0000000000000, .2425478647603945E-04, 24.25478647603945, 
 401.0000000000000, .2423709686256098E-04, 24.23709686256098, 
 402.0000000000000, .2421942600914035E-04, 24.21942600914035, 
 403.0000000000000, .2420177394373189E-04, 24.20177394373189, 
 404.0000000000000, .2418414069378371E-04, 24.18414069378371, 
 405.0000000000000, .2416652628624561E-04, 24.16652628624561, 
 406.0000000000000, .2414893074757294E-04, 24.14893074757294, 
 407.0000000000000, .2413135410373224E-04, 24.13135410373224, 
 408.0000000000000, .2411379638020735E-04, 24.11379638020735, 
 409.0000000000000, .2409625760200372E-04, 24.09625760200372, 
 410.0000000000000, .2407873779365492E-04, 24.07873779365492, 
 411.0000000000000, .2406123697922664E-04, 24.06123697922664, 
 412.0000000000000, .2404375518232197E-04, 24.04375518232197, 
 413.0000000000000, .2402629242608673E-04, 24.02629242608673, 
 414.0000000000000, .2400884873321439E-04, 24.00884873321439, 
 415.0000000000000, .2399142412595003E-04, 23.99142412595003, 
 416.0000000000000, .2397401862609682E-04, 23.97401862609682, 
 417.0000000000000, .2395663225501883E-04, 23.95663225501882, 
 418.0000000000000, .2393926503364770E-04, 23.93926503364770, 
 419.0000000000000, .2392191698248472E-04, 23.92191698248472, 
 420.0000000000000, .2390458812160810E-04, 23.90458812160810, 
 421.0000000000000, .2388727847067521E-04, 23.88727847067521, 
 422.0000000000000, .2386998804892869E-04, 23.86998804892869, 
 423.0000000000000, .2385271687519927E-04, 23.85271687519927, 
 424.0000000000000, .2383546496791114E-04, 23.83546496791114, 
 425.0000000000000, .2381823234508537E-04, 23.81823234508537, 
 426.0000000000000, .2380101902434499E-04, 23.80101902434500, 
 427.0000000000000, .2378382502291833E-04, 23.78382502291833, 
 428.0000000000000, .2376665035764342E-04, 23.76665035764342, 
 429.0000000000000, .2374949504497157E-04, 23.74949504497157, 
 430.0000000000000, .2373235910097234E-04, 23.73235910097234, 
 431.0000000000000, .2371524254133545E-04, 23.71524254133545, 
 432.0000000000000, .2369814538137765E-04, 23.69814538137765, 
 433.0000000000000, .2368106763604283E-04, 23.68106763604283, 
 434.0000000000000, .2366400931990920E-04, 23.66400931990920, 
 435.0000000000000, .2364697044719034E-04, 23.64697044719034, 
 436.0000000000000, .2362995103174029E-04, 23.62995103174029, 
 437.0000000000000, .2361295108705701E-04, 23.61295108705701, 
 438.0000000000000, .2359597062628492E-04, 23.59597062628492, 
 439.0000000000000, .2357900966221935E-04, 23.57900966221935, 
 440.0000000000000, .2356206820731010E-04, 23.56206820731009, 
 441.0000000000000, .2354514627366386E-04, 23.54514627366386, 
 442.0000000000000, .2352824387304888E-04, 23.52824387304888, 
 443.0000000000000, .2351136101689669E-04, 23.51136101689669, 
 444.0000000000000, .2349449771630647E-04, 23.49449771630647, 
 445.0000000000000, .2347765398204826E-04, 23.47765398204826, 
 446.0000000000000, .2346082982456570E-04, 23.46082982456570, 
 447.0000000000000, .2344402525397853E-04, 23.44402525397853, 
 448.0000000000000, .2342724028008797E-04, 23.42724028008797, 
 449.0000000000000, .2341047491237719E-04, 23.41047491237719, 
 450.0000000000000, .2339372916001545E-04, 23.39372916001545, 
 451.0000000000000, .2337700303186141E-04, 23.37700303186141, 
 452.0000000000000, .2336029653646516E-04, 23.36029653646516, 
 453.0000000000000, .2334360968207196E-04, 23.34360968207196, 
 454.0000000000000, .2332694247662468E-04, 23.32694247662468, 
 455.0000000000000, .2331029492776630E-04, 23.31029492776630, 
 456.0000000000000, .2329366704284396E-04, 23.29366704284396, 
 457.0000000000000, .2327705882890969E-04, 23.27705882890969, 
 458.0000000000000, .2326047029272514E-04, 23.26047029272514, 
 459.0000000000000, .2324390144076280E-04, 23.24390144076279, 
 460.0000000000000, .2322735227920973E-04, 23.22735227920973, 
 461.0000000000000, .2321082281396885E-04, 23.21082281396885, 
 462.0000000000000, .2319431305066342E-04, 23.19431305066342, 
 463.0000000000000, .2317782299463768E-04, 23.17782299463768, 
 464.0000000000000, .2316135265096021E-04, 23.16135265096021, 
 465.0000000000000, .2314490202442674E-04, 23.14490202442674, 
 466.0000000000000, .2312847111956196E-04, 23.12847111956196, 
 467.0000000000000, .2311205994062241E-04, 23.11205994062241, 
 468.0000000000000, .2309566849159847E-04, 23.09566849159847, 
 469.0000000000000, .2307929677621766E-04, 23.07929677621766, 
 470.0000000000000, .2306294479794531E-04, 23.06294479794531, 
 471.0000000000000, .2304661255998787E-04, 23.04661255998787, 
 472.0000000000000, .2303030006529603E-04, 23.03030006529603, 
 473.0000000000000, .2301400731656509E-04, 23.01400731656509, 
 474.0000000000000, .2299773431623947E-04, 22.99773431623947, 
 475.0000000000000, .2298148106651188E-04, 22.98148106651189, 
 476.0000000000000, .2296524756932873E-04, 22.96524756932873, 
 477.0000000000000, .2294903382639002E-04, 22.94903382639002, 
 478.0000000000000, .2293283983915269E-04, 22.93283983915268, 
 479.0000000000000, .2291666560883157E-04, 22.91666560883157, 
 480.0000000000000, .2290051113640297E-04, 22.90051113640297, 
 481.0000000000000, .2288437642260561E-04, 22.88437642260561, 
 482.0000000000000, .2286826146794292E-04, 22.86826146794293, 
 483.0000000000000, .2285216627268465E-04, 22.85216627268465, 
 484.0000000000000, .2283609083687012E-04, 22.83609083687012, 
 485.0000000000000, .2282003516030916E-04, 22.82003516030916, 
 486.0000000000000, .2280399924258338E-04, 22.80399924258338, 
 487.0000000000000, .2278798308305010E-04, 22.78798308305010, 
 488.0000000000000, .2277198668084218E-04, 22.77198668084218, 
 489.0000000000000, .2275601003487143E-04, 22.75601003487143, 
 490.0000000000000, .2274005314382949E-04, 22.74005314382948, 
 491.0000000000000, .2272411600619008E-04, 22.72411600619008, 
 492.0000000000000, .2270819862021090E-04, 22.70819862021090, 
 493.0000000000000, .2269230098393511E-04, 22.69230098393511, 
 494.0000000000000, .2267642309519307E-04, 22.67642309519307, 
 495.0000000000000, .2266056495160514E-04, 22.66056495160514, 
 496.0000000000000, .2264472655058183E-04, 22.64472655058183, 
 497.0000000000000, .2262890788932599E-04, 22.62890788932599, 
 498.0000000000000, .2261310896483553E-04, 22.61310896483553, 
 499.0000000000000, .2259732977390380E-04, 22.59732977390380, 
 500.0000000000000, .2258157031312263E-04, 22.58157031312263, 
