 T(K), Kel(T)(W/K), Kel(T)(nW/K), 
 100.0000000000000, .6743605160318524E-10, .6743605160318523E-01, 
 101.0000000000000, .6798892728563490E-10, .6798892728563490E-01, 
 102.0000000000000, .6853905051686855E-10, .6853905051686855E-01, 
 103.0000000000000, .6908642469826354E-10, .6908642469826354E-01, 
 104.0000000000000, .6963105356112147E-10, .6963105356112148E-01, 
 105.0000000000000, .7017294115758408E-10, .7017294115758409E-01, 
 106.0000000000000, .7071209185164370E-10, .7071209185164369E-01, 
 107.0000000000000, .7124851031026741E-10, .7124851031026741E-01, 
 108.0000000000000, .7178220149461600E-10, .7178220149461600E-01, 
 109.0000000000000, .7231317065137484E-10, .7231317065137484E-01, 
 110.0000000000000, .7284142330418071E-10, .7284142330418071E-01, 
 111.0000000000000, .7336696524516932E-10, .7336696524516932E-01, 
 112.0000000000000, .7388980252661358E-10, .7388980252661358E-01, 
 113.0000000000000, .7440994145268416E-10, .7440994145268416E-01, 
 114.0000000000000, .7492738857130786E-10, .7492738857130786E-01, 
 115.0000000000000, .7544215066614164E-10, .7544215066614164E-01, 
 116.0000000000000, .7595423474865286E-10, .7595423474865286E-01, 
 117.0000000000000, .7646364805031150E-10, .7646364805031150E-01, 
 118.0000000000000, .7697039801489344E-10, .7697039801489344E-01, 
 119.0000000000000, .7747449229088913E-10, .7747449229088912E-01, 
 120.0000000000000, .7797593872403759E-10, .7797593872403759E-01, 
 121.0000000000000, .7847474534996314E-10, .7847474534996314E-01, 
 122.0000000000000, .7897092038691960E-10, .7897092038691959E-01, 
 123.0000000000000, .7946447222866092E-10, .7946447222866092E-01, 
 124.0000000000000, .7995540943742325E-10, .7995540943742324E-01, 
 125.0000000000000, .8044374073701168E-10, .8044374073701167E-01, 
 126.0000000000000, .8092947500601478E-10, .8092947500601477E-01, 
 127.0000000000000, .8141262127112768E-10, .8141262127112768E-01, 
 128.0000000000000, .8189318870059058E-10, .8189318870059058E-01, 
 129.0000000000000, .8237118659774931E-10, .8237118659774931E-01, 
 130.0000000000000, .8284662439472306E-10, .8284662439472305E-01, 
 131.0000000000000, .8331951164620501E-10, .8331951164620501E-01, 
 132.0000000000000, .8378985802336450E-10, .8378985802336450E-01, 
 133.0000000000000, .8425767330787654E-10, .8425767330787655E-01, 
 134.0000000000000, .8472296738606769E-10, .8472296738606769E-01, 
 135.0000000000000, .8518575024317712E-10, .8518575024317712E-01, 
 136.0000000000000, .8564603195774295E-10, .8564603195774295E-01, 
 137.0000000000000, .8610382269610267E-10, .8610382269610267E-01, 
 138.0000000000000, .8655913270701592E-10, .8655913270701591E-01, 
 139.0000000000000, .8701197231639956E-10, .8701197231639957E-01, 
 140.0000000000000, .8746235192219429E-10, .8746235192219430E-01, 
 141.0000000000000, .8791028198933515E-10, .8791028198933515E-01, 
 142.0000000000000, .8835577304485662E-10, .8835577304485662E-01, 
 143.0000000000000, .8879883567310519E-10, .8879883567310519E-01, 
 144.0000000000000, .8923948051107634E-10, .8923948051107633E-01, 
 145.0000000000000, .8967771824386318E-10, .8967771824386318E-01, 
 146.0000000000000, .9011355960023908E-10, .9011355960023908E-01, 
 147.0000000000000, .9054701534833495E-10, .9054701534833495E-01, 
 148.0000000000000, .9097809629145836E-10, .9097809629145837E-01, 
 149.0000000000000, .9140681326400692E-10, .9140681326400692E-01, 
 150.0000000000000, .9183317712751356E-10, .9183317712751356E-01, 
 151.0000000000000, .9225719876679984E-10, .9225719876679984E-01, 
 152.0000000000000, .9267888908625071E-10, .9267888908625072E-01, 
 153.0000000000000, .9309825900618921E-10, .9309825900618922E-01, 
 154.0000000000000, .9351531945938607E-10, .9351531945938607E-01, 
 155.0000000000000, .9393008138765793E-10, .9393008138765793E-01, 
 156.0000000000000, .9434255573859477E-10, .9434255573859476E-01, 
 157.0000000000000, .9475275346238926E-10, .9475275346238926E-01, 
 158.0000000000000, .9516068550877603E-10, .9516068550877603E-01, 
 159.0000000000000, .9556636282408059E-10, .9556636282408060E-01, 
 160.0000000000000, .9596979634837268E-10, .9596979634837267E-01, 
 161.0000000000000, .9637099701272785E-10, .9637099701272786E-01, 
 162.0000000000000, .9676997573658881E-10, .9676997573658881E-01, 
 163.0000000000000, .9716674342524024E-10, .9716674342524025E-01, 
 164.0000000000000, .9756131096736512E-10, .9756131096736513E-01, 
 165.0000000000000, .9795368923272557E-10, .9795368923272557E-01, 
 166.0000000000000, .9834388906991810E-10, .9834388906991810E-01, 
 167.0000000000000, .9873192130424303E-10, .9873192130424303E-01, 
 168.0000000000000, .9911779673566352E-10, .9911779673566352E-01, 
 169.0000000000000, .9950152613685535E-10, .9950152613685535E-01, 
 170.0000000000000, .9988312025135106E-10, .9988312025135106E-01, 
 171.0000000000000, .1002625897917746E-09, .1002625897917746, 
 172.0000000000000, .1006399454381625E-09, .1006399454381625, 
 173.0000000000000, .1010151978363795E-09, .1010151978363795, 
 174.0000000000000, .1013883575966011E-09, .1013883575966011, 
 175.0000000000000, .1017594352919020E-09, .1017594352919020, 
 176.0000000000000, .1021284414569088E-09, .1021284414569088, 
 177.0000000000000, .1024953865865426E-09, .1024953865865426, 
 178.0000000000000, .1028602811348270E-09, .1028602811348271, 
 179.0000000000000, .1032231355137885E-09, .1032231355137885, 
 180.0000000000000, .1035839600924196E-09, .1035839600924196, 
 181.0000000000000, .1039427651957107E-09, .1039427651957106, 
 182.0000000000000, .1042995611037657E-09, .1042995611037657, 
 183.0000000000000, .1046543580509721E-09, .1046543580509721, 
 184.0000000000000, .1050071662252478E-09, .1050071662252478, 
 185.0000000000000, .1053579957673440E-09, .1053579957673440, 
 186.0000000000000, .1057068567702163E-09, .1057068567702163, 
 187.0000000000000, .1060537592784566E-09, .1060537592784566, 
 188.0000000000000, .1063987132877800E-09, .1063987132877800, 
 189.0000000000000, .1067417287445701E-09, .1067417287445701, 
 190.0000000000000, .1070828155454835E-09, .1070828155454835, 
 191.0000000000000, .1074219835371002E-09, .1074219835371002, 
 192.0000000000000, .1077592425156346E-09, .1077592425156346, 
 193.0000000000000, .1080946022266896E-09, .1080946022266896, 
 194.0000000000000, .1084280723650577E-09, .1084280723650577, 
 195.0000000000000, .1087596625745731E-09, .1087596625745731, 
 196.0000000000000, .1090893824480086E-09, .1090893824480086, 
 197.0000000000000, .1094172415270084E-09, .1094172415270084, 
 198.0000000000000, .1097432493020708E-09, .1097432493020708, 
 199.0000000000000, .1100674152125597E-09, .1100674152125597, 
 200.0000000000000, .1103897486467704E-09, .1103897486467704, 
 201.0000000000000, .1107102589420092E-09, .1107102589420092, 
 202.0000000000000, .1110289553847244E-09, .1110289553847244, 
 203.0000000000000, .1113458472106711E-09, .1113458472106711, 
 204.0000000000000, .1116609436050880E-09, .1116609436050880, 
 205.0000000000000, .1119742537029284E-09, .1119742537029284, 
 206.0000000000000, .1122857865891083E-09, .1122857865891083, 
 207.0000000000000, .1125955512987704E-09, .1125955512987704, 
 208.0000000000000, .1129035568176018E-09, .1129035568176018, 
 209.0000000000000, .1132098120821446E-09, .1132098120821446, 
 210.0000000000000, .1135143259801514E-09, .1135143259801514, 
 211.0000000000000, .1138171073509494E-09, .1138171073509494, 
 212.0000000000000, .1141181649858311E-09, .1141181649858311, 
 213.0000000000000, .1144175076284672E-09, .1144175076284672, 
 214.0000000000000, .1147151439753239E-09, .1147151439753239, 
 215.0000000000000, .1150110826761070E-09, .1150110826761070, 
 216.0000000000000, .1153053323342252E-09, .1153053323342252, 
 217.0000000000000, .1155979015072506E-09, .1155979015072506, 
 218.0000000000000, .1158887987074108E-09, .1158887987074108, 
 219.0000000000000, .1161780324020820E-09, .1161780324020820, 
 220.0000000000000, .1164656110142947E-09, .1164656110142947, 
 221.0000000000000, .1167515429232517E-09, .1167515429232517, 
 222.0000000000000, .1170358364648517E-09, .1170358364648517, 
 223.0000000000000, .1173184999322223E-09, .1173184999322223, 
 224.0000000000000, .1175995415762620E-09, .1175995415762620, 
 225.0000000000000, .1178789696061852E-09, .1178789696061852, 
 226.0000000000000, .1181567921900704E-09, .1181567921900704, 
 227.0000000000000, .1184330174554217E-09, .1184330174554217, 
 228.0000000000000, .1187076534897215E-09, .1187076534897215, 
 229.0000000000000, .1189807083409972E-09, .1189807083409972, 
 230.0000000000000, .1192521900183799E-09, .1192521900183799, 
 231.0000000000000, .1195221064926773E-09, .1195221064926773, 
 232.0000000000000, .1197904656969264E-09, .1197904656969264, 
 233.0000000000000, .1200572755269728E-09, .1200572755269728, 
 234.0000000000000, .1203225438420304E-09, .1203225438420304, 
 235.0000000000000, .1205862784652380E-09, .1205862784652380, 
 236.0000000000000, .1208484871842341E-09, .1208484871842341, 
 237.0000000000000, .1211091777517047E-09, .1211091777517047, 
 238.0000000000000, .1213683578859438E-09, .1213683578859438, 
 239.0000000000000, .1216260352714075E-09, .1216260352714075, 
 240.0000000000000, .1218822175592614E-09, .1218822175592614, 
 241.0000000000000, .1221369123679241E-09, .1221369123679241, 
 242.0000000000000, .1223901272836076E-09, .1223901272836076, 
 243.0000000000000, .1226418698608484E-09, .1226418698608484, 
 244.0000000000000, .1228921476230444E-09, .1228921476230444, 
 245.0000000000000, .1231409680629674E-09, .1231409680629674, 
 246.0000000000000, .1233883386432816E-09, .1233883386432816, 
 247.0000000000000, .1236342667970596E-09, .1236342667970596, 
 248.0000000000000, .1238787599282756E-09, .1238787599282756, 
 249.0000000000000, .1241218254123030E-09, .1241218254123030, 
 250.0000000000000, .1243634705964082E-09, .1243634705964082, 
 251.0000000000000, .1246037028002213E-09, .1246037028002213, 
 252.0000000000000, .1248425293162100E-09, .1248425293162100, 
 253.0000000000000, .1250799574101438E-09, .1250799574101439, 
 254.0000000000000, .1253159943215514E-09, .1253159943215514, 
 255.0000000000000, .1255506472641606E-09, .1255506472641606, 
 256.0000000000000, .1257839234263395E-09, .1257839234263395, 
 257.0000000000000, .1260158299715216E-09, .1260158299715216, 
 258.0000000000000, .1262463740386281E-09, .1262463740386281, 
 259.0000000000000, .1264755627424744E-09, .1264755627424744, 
 260.0000000000000, .1267034031741729E-09, .1267034031741729, 
 261.0000000000000, .1269299024015230E-09, .1269299024015230, 
 262.0000000000000, .1271550674693893E-09, .1271550674693893, 
 263.0000000000000, .1273789054000772E-09, .1273789054000772, 
 264.0000000000000, .1276014231936948E-09, .1276014231936948, 
 265.0000000000000, .1278226278285016E-09, .1278226278285017, 
 266.0000000000000, .1280425262612525E-09, .1280425262612525, 
 267.0000000000000, .1282611254275322E-09, .1282611254275322, 
 268.0000000000000, .1284784322420769E-09, .1284784322420769, 
 269.0000000000000, .1286944535990845E-09, .1286944535990845, 
 270.0000000000000, .1289091963725238E-09, .1289091963725238, 
 271.0000000000000, .1291226674164206E-09, .1291226674164206, 
 272.0000000000000, .1293348735651487E-09, .1293348735651487, 
 273.0000000000000, .1295458216336973E-09, .1295458216336973, 
 274.0000000000000, .1297555184179390E-09, .1297555184179390, 
 275.0000000000000, .1299639706948840E-09, .1299639706948840, 
 276.0000000000000, .1301711852229239E-09, .1301711852229240, 
 277.0000000000000, .1303771687420692E-09, .1303771687420692, 
 278.0000000000000, .1305819279741699E-09, .1305819279741700, 
 279.0000000000000, .1307854696231385E-09, .1307854696231384, 
 280.0000000000000, .1309878003751547E-09, .1309878003751547, 
 281.0000000000000, .1311889268988618E-09, .1311889268988618, 
 282.0000000000000, .1313888558455600E-09, .1313888558455600, 
 283.0000000000000, .1315875938493777E-09, .1315875938493777, 
 284.0000000000000, .1317851475274554E-09, .1317851475274553, 
 285.0000000000000, .1319815234800915E-09, .1319815234800915, 
 286.0000000000000, .1321767282909140E-09, .1321767282909140, 
 287.0000000000000, .1323707685270062E-09, .1323707685270062, 
 288.0000000000000, .1325636507390611E-09, .1325636507390611, 
 289.0000000000000, .1327553814614930E-09, .1327553814614930, 
 290.0000000000000, .1329459672125688E-09, .1329459672125688, 
 291.0000000000000, .1331354144945144E-09, .1331354144945144, 
 292.0000000000000, .1333237297936206E-09, .1333237297936206, 
 293.0000000000000, .1335109195803321E-09, .1335109195803321, 
 294.0000000000000, .1336969903093486E-09, .1336969903093486, 
 295.0000000000000, .1338819484196869E-09, .1338819484196869, 
 296.0000000000000, .1340658003347734E-09, .1340658003347734, 
 297.0000000000000, .1342485524624959E-09, .1342485524624959, 
 298.0000000000000, .1344302111952647E-09, .1344302111952647, 
 299.0000000000000, .1346107829100692E-09, .1346107829100692, 
 300.0000000000000, .1347902739685165E-09, .1347902739685165, 
 301.0000000000000, .1349686907168717E-09, .1349686907168717, 
 302.0000000000000, .1351460394860891E-09, .1351460394860891, 
 303.0000000000000, .1353223265918364E-09, .1353223265918364, 
 304.0000000000000, .1354975583345151E-09, .1354975583345151, 
 305.0000000000000, .1356717409992665E-09, .1356717409992665, 
 306.0000000000000, .1358448808559881E-09, .1358448808559881, 
 307.0000000000000, .1360169841593262E-09, .1360169841593262, 
 308.0000000000000, .1361880571486723E-09, .1361880571486723, 
 309.0000000000000, .1363581060481551E-09, .1363581060481551, 
 310.0000000000000, .1365271370666201E-09, .1365271370666201, 
 311.0000000000000, .1366951563976122E-09, .1366951563976122, 
 312.0000000000000, .1368621702193483E-09, .1368621702193484, 
 313.0000000000000, .1370281846946802E-09, .1370281846946802, 
 314.0000000000000, .1371932059710708E-09, .1371932059710708, 
 315.0000000000000, .1373572401805381E-09, .1373572401805381, 
 316.0000000000000, .1375202934396217E-09, .1375202934396217, 
 317.0000000000000, .1376823718493268E-09, .1376823718493268, 
 318.0000000000000, .1378434814950732E-09, .1378434814950732, 
 319.0000000000000, .1380036284466327E-09, .1380036284466327, 
 320.0000000000000, .1381628187580738E-09, .1381628187580738, 
 321.0000000000000, .1383210584676876E-09, .1383210584676876, 
 322.0000000000000, .1384783535979284E-09, .1384783535979284, 
 323.0000000000000, .1386347101553308E-09, .1386347101553308, 
 324.0000000000000, .1387901341304392E-09, .1387901341304392, 
 325.0000000000000, .1389446314977252E-09, .1389446314977252, 
 326.0000000000000, .1390982082155067E-09, .1390982082155067, 
 327.0000000000000, .1392508702258609E-09, .1392508702258609, 
 328.0000000000000, .1394026234545363E-09, .1394026234545363, 
 329.0000000000000, .1395534738108606E-09, .1395534738108606, 
 330.0000000000000, .1397034271876491E-09, .1397034271876491, 
 331.0000000000000, .1398524894611012E-09, .1398524894611012, 
 332.0000000000000, .1400006664907136E-09, .1400006664907136, 
 333.0000000000000, .1401479641191643E-09, .1401479641191643, 
 334.0000000000000, .1402943881722232E-09, .1402943881722231, 
 335.0000000000000, .1404399444586413E-09, .1404399444586412, 
 336.0000000000000, .1405846387700357E-09, .1405846387700357, 
 337.0000000000000, .1407284768807996E-09, .1407284768807996, 
 338.0000000000000, .1408714645479709E-09, .1408714645479709, 
 339.0000000000000, .1410136075111370E-09, .1410136075111370, 
 340.0000000000000, .1411549114923101E-09, .1411549114923101, 
 341.0000000000000, .1412953821958180E-09, .1412953821958179, 
 342.0000000000000, .1414350253081875E-09, .1414350253081875, 
 343.0000000000000, .1415738464980281E-09, .1415738464980281, 
 344.0000000000000, .1417118514159092E-09, .1417118514159092, 
 345.0000000000000, .1418490456942464E-09, .1418490456942464, 
 346.0000000000000, .1419854349471838E-09, .1419854349471838, 
 347.0000000000000, .1421210247704612E-09, .1421210247704612, 
 348.0000000000000, .1422558207413101E-09, .1422558207413101, 
 349.0000000000000, .1423898284183194E-09, .1423898284183194, 
 350.0000000000000, .1425230533413171E-09, .1425230533413171, 
 351.0000000000000, .1426555010312513E-09, .1426555010312513, 
 352.0000000000000, .1427871769900614E-09, .1427871769900614, 
 353.0000000000000, .1429180867005606E-09, .1429180867005606, 
 354.0000000000000, .1430482356263116E-09, .1430482356263116, 
 355.0000000000000, .1431776292115004E-09, .1431776292115004, 
 356.0000000000000, .1433062728808179E-09, .1433062728808179, 
 357.0000000000000, .1434341720393372E-09, .1434341720393372, 
 358.0000000000000, .1435613320723864E-09, .1435613320723864, 
 359.0000000000000, .1436877583454314E-09, .1436877583454314, 
 360.0000000000000, .1438134562039521E-09, .1438134562039521, 
 361.0000000000000, .1439384309733216E-09, .1439384309733216, 
 362.0000000000000, .1440626879586825E-09, .1440626879586825, 
 363.0000000000000, .1441862324448338E-09, .1441862324448338, 
 364.0000000000000, .1443090696961035E-09, .1443090696961035, 
 365.0000000000000, .1444312049562351E-09, .1444312049562351, 
 366.0000000000000, .1445526434482645E-09, .1445526434482645, 
 367.0000000000000, .1446733903744071E-09, .1446733903744071, 
 368.0000000000000, .1447934509159408E-09, .1447934509159408, 
 369.0000000000000, .1449128302330902E-09, .1449128302330902, 
 370.0000000000000, .1450315334649061E-09, .1450315334649061, 
 371.0000000000000, .1451495657291649E-09, .1451495657291649, 
 372.0000000000000, .1452669321222441E-09, .1452669321222441, 
 373.0000000000000, .1453836377190164E-09, .1453836377190164, 
 374.0000000000000, .1454996875727406E-09, .1454996875727406, 
 375.0000000000000, .1456150867149495E-09, .1456150867149495, 
 376.0000000000000, .1457298401553463E-09, .1457298401553463, 
 377.0000000000000, .1458439528816955E-09, .1458439528816955, 
 378.0000000000000, .1459574298597169E-09, .1459574298597169, 
 379.0000000000000, .1460702760329895E-09, .1460702760329895, 
 380.0000000000000, .1461824963228388E-09, .1461824963228388, 
 381.0000000000000, .1462940956282452E-09, .1462940956282452, 
 382.0000000000000, .1464050788257410E-09, .1464050788257410, 
 383.0000000000000, .1465154507693148E-09, .1465154507693148, 
 384.0000000000000, .1466252162903141E-09, .1466252162903141, 
 385.0000000000000, .1467343801973514E-09, .1467343801973514, 
 386.0000000000000, .1468429472762118E-09, .1468429472762119, 
 387.0000000000000, .1469509222897658E-09, .1469509222897658, 
 388.0000000000000, .1470583099778727E-09, .1470583099778727, 
 389.0000000000000, .1471651150573013E-09, .1471651150573013, 
 390.0000000000000, .1472713422216361E-09, .1472713422216361, 
 391.0000000000000, .1473769961412033E-09, .1473769961412033, 
 392.0000000000000, .1474820814629753E-09, .1474820814629753, 
 393.0000000000000, .1475866028105076E-09, .1475866028105076, 
 394.0000000000000, .1476905647838443E-09, .1476905647838443, 
 395.0000000000000, .1477939719594513E-09, .1477939719594513, 
 396.0000000000000, .1478968288901390E-09, .1478968288901390, 
 397.0000000000000, .1479991401049879E-09, .1479991401049879, 
 398.0000000000000, .1481009101092780E-09, .1481009101092780, 
 399.0000000000000, .1482021433844282E-09, .1482021433844282, 
 400.0000000000000, .1483028443879142E-09, .1483028443879142, 
 401.0000000000000, .1484030175532145E-09, .1484030175532145, 
 402.0000000000000, .1485026672897463E-09, .1485026672897463, 
 403.0000000000000, .1486017979827999E-09, .1486017979827999, 
 404.0000000000000, .1487004139934840E-09, .1487004139934840, 
 405.0000000000000, .1487985196586655E-09, .1487985196586655, 
 406.0000000000000, .1488961192909175E-09, .1488961192909175, 
 407.0000000000000, .1489932171784640E-09, .1489932171784640, 
 408.0000000000000, .1490898175851278E-09, .1490898175851278, 
 409.0000000000000, .1491859247502874E-09, .1491859247502874, 
 410.0000000000000, .1492815428888185E-09, .1492815428888185, 
 411.0000000000000, .1493766761910651E-09, .1493766761910651, 
 412.0000000000000, .1494713288227793E-09, .1494713288227793, 
 413.0000000000000, .1495655049250953E-09, .1495655049250953, 
 414.0000000000000, .1496592086144768E-09, .1496592086144768, 
 415.0000000000000, .1497524439826945E-09, .1497524439826945, 
 416.0000000000000, .1498452150967814E-09, .1498452150967814, 
 417.0000000000000, .1499375259990003E-09, .1499375259990003, 
 418.0000000000000, .1500293807068170E-09, .1500293807068170, 
 419.0000000000000, .1501207832128695E-09, .1501207832128695, 
 420.0000000000000, .1502117374849428E-09, .1502117374849428, 
 421.0000000000000, .1503022474659411E-09, .1503022474659411, 
 422.0000000000000, .1503923170738673E-09, .1503923170738673, 
 423.0000000000000, .1504819502018063E-09, .1504819502018062, 
 424.0000000000000, .1505711507178934E-09, .1505711507178935, 
 425.0000000000000, .1506599224653136E-09, .1506599224653136, 
 426.0000000000000, .1507482692622778E-09, .1507482692622778, 
 427.0000000000000, .1508361949020085E-09, .1508361949020085, 
 428.0000000000000, .1509237031527365E-09, .1509237031527365, 
 429.0000000000000, .1510107977576870E-09, .1510107977576870, 
 430.0000000000000, .1510974824350713E-09, .1510974824350713, 
 431.0000000000000, .1511837608780870E-09, .1511837608780870, 
 432.0000000000000, .1512696367549100E-09, .1512696367549100, 
 433.0000000000000, .1513551137086997E-09, .1513551137086997, 
 434.0000000000000, .1514401953575933E-09, .1514401953575933, 
 435.0000000000000, .1515248852947087E-09, .1515248852947087, 
 436.0000000000000, .1516091870881607E-09, .1516091870881607, 
 437.0000000000000, .1516931042810482E-09, .1516931042810482, 
 438.0000000000000, .1517766403914790E-09, .1517766403914790, 
 439.0000000000000, .1518597989125757E-09, .1518597989125757, 
 440.0000000000000, .1519425833124834E-09, .1519425833124834, 
 441.0000000000000, .1520249970343857E-09, .1520249970343857, 
 442.0000000000000, .1521070434965275E-09, .1521070434965275, 
 443.0000000000000, .1521887260922201E-09, .1521887260922201, 
 444.0000000000000, .1522700481898699E-09, .1522700481898699, 
 445.0000000000000, .1523510131329971E-09, .1523510131329971, 
 446.0000000000000, .1524316242402581E-09, .1524316242402581, 
 447.0000000000000, .1525118848054698E-09, .1525118848054698, 
 448.0000000000000, .1525917980976384E-09, .1525917980976384, 
 449.0000000000000, .1526713673609822E-09, .1526713673609822, 
 450.0000000000000, .1527505958149685E-09, .1527505958149685, 
 451.0000000000000, .1528294866543394E-09, .1528294866543394, 
 452.0000000000000, .1529080430491490E-09, .1529080430491490, 
 453.0000000000000, .1529862681447923E-09, .1529862681447923, 
 454.0000000000000, .1530641650620498E-09, .1530641650620498, 
 455.0000000000000, .1531417368971179E-09, .1531417368971179, 
 456.0000000000000, .1532189867216533E-09, .1532189867216533, 
 457.0000000000000, .1532959175828134E-09, .1532959175828134, 
 458.0000000000000, .1533725325032966E-09, .1533725325032966, 
 459.0000000000000, .1534488344813901E-09, .1534488344813902, 
 460.0000000000000, .1535248264910131E-09, .1535248264910131, 
 461.0000000000000, .1536005114817633E-09, .1536005114817633, 
 462.0000000000000, .1536758923789723E-09, .1536758923789723, 
 463.0000000000000, .1537509720837452E-09, .1537509720837452, 
 464.0000000000000, .1538257534730243E-09, .1538257534730243, 
 465.0000000000000, .1539002393996301E-09, .1539002393996301, 
 466.0000000000000, .1539744326923261E-09, .1539744326923261, 
 467.0000000000000, .1540483361558682E-09, .1540483361558682, 
 468.0000000000000, .1541219525710674E-09, .1541219525710674, 
 469.0000000000000, .1541952846948430E-09, .1541952846948430, 
 470.0000000000000, .1542683352602858E-09, .1542683352602859, 
 471.0000000000000, .1543411069767208E-09, .1543411069767208, 
 472.0000000000000, .1544136025297676E-09, .1544136025297676, 
 473.0000000000000, .1544858245814021E-09, .1544858245814021, 
 474.0000000000000, .1545577757700293E-09, .1545577757700293, 
 475.0000000000000, .1546294587105426E-09, .1546294587105426, 
 476.0000000000000, .1547008759943931E-09, .1547008759943931, 
 477.0000000000000, .1547720301896617E-09, .1547720301896617, 
 478.0000000000000, .1548429238411260E-09, .1548429238411261, 
 479.0000000000000, .1549135594703342E-09, .1549135594703342, 
 480.0000000000000, .1549839395756726E-09, .1549839395756726, 
 481.0000000000000, .1550540666324474E-09, .1550540666324474, 
 482.0000000000000, .1551239430929496E-09, .1551239430929496, 
 483.0000000000000, .1551935713865408E-09, .1551935713865408, 
 484.0000000000000, .1552629539197236E-09, .1552629539197236, 
 485.0000000000000, .1553320930762181E-09, .1553320930762181, 
 486.0000000000000, .1554009912170492E-09, .1554009912170492, 
 487.0000000000000, .1554696506806182E-09, .1554696506806182, 
 488.0000000000000, .1555380737827898E-09, .1555380737827898, 
 489.0000000000000, .1556062628169628E-09, .1556062628169628, 
 490.0000000000000, .1556742200541767E-09, .1556742200541767, 
 491.0000000000000, .1557419477431681E-09, .1557419477431681, 
 492.0000000000000, .1558094481104722E-09, .1558094481104722, 
 493.0000000000000, .1558767233605058E-09, .1558767233605058, 
 494.0000000000000, .1559437756756510E-09, .1559437756756510, 
 495.0000000000000, .1560106072163439E-09, .1560106072163439, 
 496.0000000000000, .1560772201211674E-09, .1560772201211675, 
 497.0000000000000, .1561436165069300E-09, .1561436165069300, 
 498.0000000000000, .1562097984687703E-09, .1562097984687703, 
 499.0000000000000, .1562757680802322E-09, .1562757680802322, 
 500.0000000000000, .1563415273933694E-09, .1563415273933694, 
