 T(K), S(T)(V/K), S(T)(microV/K), dS/dT (microV/K^2), tau_Thom(T)(microV/K), 
 100.0000000000000, .5248241659667695E-05, 5.248241659667696, 33.88824109444229, 3388.824109444229, 
 101.0000000000000, .5281943711459442E-05, 5.281943711459442, 33.51622638800797, 3385.138865188805, 
 102.0000000000000, .5315274845511120E-05, 5.315274845511120, 33.14641103298733, 3380.933925364708, 
 103.0000000000000, .5348237277126162E-05, 5.348237277126161, 32.77882665022144, 3376.219144972808, 
 104.0000000000000, .5380833252394860E-05, 5.380833252394860, 32.41350318795774, 3371.004331547605, 
 105.0000000000000, .5413065046515190E-05, 5.413065046515189, 32.05046892354414, 3365.299236972135, 
 106.0000000000000, .5444934962168253E-05, 5.444934962168253, 31.68975057722789, 3359.113561186157, 
 107.0000000000000, .5476445327957244E-05, 5.476445327957244, 31.33137327149799, 3352.456940050286, 
 108.0000000000000, .5507598496898218E-05, 5.507598496898217, 30.97536071002090, 3345.338956682258, 
 109.0000000000000, .5538396844970763E-05, 5.538396844970763, 30.62173511800941, 3337.769127863026, 
 110.0000000000000, .5568842769722473E-05, 5.568842769722472, 30.27051743839550, 3329.756918223505, 
 111.0000000000000, .5598938688924171E-05, 5.598938688924171, 29.92172717894086, 3321.311716862435, 
 112.0000000000000, .5628687039280303E-05, 5.628687039280303, 29.57538268883552, 3312.442861149579, 
 113.0000000000000, .5658090275190324E-05, 5.658090275190323, 29.23150103930857, 3303.159617441869, 
 114.0000000000000, .5687150867554890E-05, 5.687150867554890, 28.89009816283798, 3293.471190563530, 
 115.0000000000000, .5715871302637902E-05, 5.715871302637902, 28.55118885946104, 3283.386718838019, 
 116.0000000000000, .5744254080969267E-05, 5.744254080969267, 28.21478686449460, 3272.915276281373, 
 117.0000000000000, .5772301716296989E-05, 5.772301716296989, 27.88090488991267, 3262.065872119783, 
 118.0000000000000, .5800016734580721E-05, 5.800016734580721, 27.54955464840216, 3250.847448511455, 
 119.0000000000000, .5827401673032837E-05, 5.827401673032837, 27.22074694035312, 3239.268885902021, 
 120.0000000000000, .5854459079197377E-05, 5.854459079197377, 26.89449165771276, 3227.338998925531, 
 121.0000000000000, .5881191510072278E-05, 5.881191510072278, 26.57079781117522, 3215.066535152202, 
 122.0000000000000, .5907601531268200E-05, 5.907601531268200, 26.24967359057502, 3202.460178050153, 
 123.0000000000000, .5933691716208688E-05, 5.933691716208688, 25.93112646204173, 3189.528554831133, 
 124.0000000000000, .5959464645366145E-05, 5.959464645366145, 25.61516308549894, 3176.280222601868, 
 125.0000000000000, .5984922905532398E-05, 5.984922905532398, 25.30178941872229, 3162.723677340286, 
 126.0000000000000, .6010069089123022E-05, 6.010069089123022, 24.99101075151725, 3148.867354691173, 
 127.0000000000000, .6034905793517608E-05, 6.034905793517608, 24.68283174349676, 3134.719631424088, 
 128.0000000000000, .6059435620430462E-05, 6.059435620430462, 24.37725642327656, 3120.288822179400, 
 129.0000000000000, .6083661175311357E-05, 6.083661175311357, 24.07428821418268, 3105.583179629565, 
 130.0000000000000, .6107585066775586E-05, 6.107585066775586, 23.77393001946288, 3090.610902530174, 
 131.0000000000000, .6131209906065294E-05, 6.131209906065293, 23.47618421618808, 3075.380132320639, 
 132.0000000000000, .6154538306533500E-05, 6.154538306533500, 23.18105266080040, 3059.898951225653, 
 133.0000000000000, .6177572883159239E-05, 6.177572883159239, 22.88853671333827, 3044.175382873990, 
 134.0000000000000, .6200316252082250E-05, 6.200316252082250, 22.59863737588404, 3028.217408368461, 
 135.0000000000000, .6222771030166728E-05, 6.222771030166729, 22.31135507640109, 3012.032935314146, 
 136.0000000000000, .6244939834584403E-05, 6.244939834584403, 22.02669001101990, 2995.629841498707, 
 137.0000000000000, .6266825282419995E-05, 6.266825282419995, 21.74464185680917, 2979.015934382856, 
 138.0000000000000, .6288429990299532E-05, 6.288429990299532, 21.46520996854155, 2962.198975658734, 
 139.0000000000000, .6309756574034486E-05, 6.309756574034486, 21.18839337276442, 2945.186678814254, 
 140.0000000000000, .6330807648289532E-05, 6.330807648289532, 20.91419075708493, 2927.986705991890, 
 141.0000000000000, .6351585826262686E-05, 6.351585826262686, 20.64260051446983, 2910.606672540246, 
 142.0000000000000, .6372093719387346E-05, 6.372093719387346, 20.37362072253548, 2893.054142600038, 
 143.0000000000000, .6392333937047107E-05, 6.392333937047107, 20.10724920216258, 2875.336635909249, 
 144.0000000000000, .6412309086306365E-05, 6.412309086306364, 19.84348348734176, 2857.461622177214, 
 145.0000000000000, .6432021771656112E-05, 6.432021771656111, 19.58232091470497, 2839.436532632220, 
 146.0000000000000, .6451474594772080E-05, 6.451474594772080, 19.32375852666726, 2821.268744893420, 
 147.0000000000000, .6470670154286946E-05, 6.470670154286947, 19.06779315613010, 2802.965593951125, 
 148.0000000000000, .6489611045571363E-05, 6.489611045571364, 18.81442148856886, 2784.534380308191, 
 149.0000000000000, .6508299860530626E-05, 6.508299860530626, 18.56363989444736, 2765.982344272656, 
 150.0000000000000, .6526739187407863E-05, 6.526739187407863, 18.31544466621768, 2747.316699932652, 
 151.0000000000000, .6544931610598354E-05, 6.544931610598354, 18.06983184844773, 2728.544609115607, 
 152.0000000000000, .6562879710474549E-05, 6.562879710474549, 17.82679733726287, 2709.673195263956, 
 153.0000000000000, .6580586063216729E-05, 6.580586063216729, 17.58633684913278, 2690.709537917315, 
 154.0000000000000, .6598053240653241E-05, 6.598053240653242, 17.34844598647416, 2671.660681917021, 
 155.0000000000000, .6615283810108366E-05, 6.615283810108365, 17.11312010970640, 2652.533617004492, 
 156.0000000000000, .6632280334255303E-05, 6.632280334255302, 16.88035458551692, 2633.335315340639, 
 157.0000000000000, .6649045370976309E-05, 6.649045370976309, 16.65014445164789, 2614.072678908719, 
 158.0000000000000, .6665581473230791E-05, 6.665581473230791, 16.42248479797640, 2594.752598080270, 
 159.0000000000000, .6681891188923176E-05, 6.681891188923176, 16.19737046785054, 2575.381904388235, 
 160.0000000000000, .6697977060781753E-05, 6.697977060781754, 15.97479624968836, 2555.967399950137, 
 161.0000000000000, .6713841626236689E-05, 6.713841626236689, 15.75475676898110, 2536.515839805957, 
 162.0000000000000, .6729487417306698E-05, 6.729487417306698, 15.53724655258302, 2517.033941518449, 
 163.0000000000000, .6744916960485816E-05, 6.744916960485816, 15.32226004505914, 2497.528387344639, 
 164.0000000000000, .6760132776634421E-05, 6.760132776634421, 15.10979152885234, 2478.005810731784, 
 165.0000000000000, .6775137380873389E-05, 6.775137380873390, 14.89983523973403, 2458.472814556115, 
 166.0000000000000, .6789933282482356E-05, 6.789933282482356, 14.69238527782326, 2438.935956118662, 
 167.0000000000000, .6804522984796785E-05, 6.804522984796785, 14.48743564400919, 2419.401752549534, 
 168.0000000000000, .6818908985110299E-05, 6.818908985110299, 14.28498026167744, 2399.876683961810, 
 169.0000000000000, .6833093774577129E-05, 6.833093774577129, 14.08501291347913, 2380.367182377974, 
 170.0000000000000, .6847079838117323E-05, 6.847079838117322, 13.88752734818407, 2360.879649191291, 
 171.0000000000000, .6860869654321810E-05, 6.860869654321810, 13.69251718289076, 2341.420438274319, 
 172.0000000000000, .6874465695359169E-05, 6.874465695359169, 13.49997592458344, 2321.995859028352, 
 173.0000000000000, .6887870426884773E-05, 6.887870426884773, 13.30989704475569, 2302.612188742734, 
 174.0000000000000, .6901086307947987E-05, 6.901086307947986, 13.12227389081072, 2283.275657001066, 
 175.0000000000000, .6914115790902679E-05, 6.914115790902679, 12.93709968974604, 2263.992445705558, 
 176.0000000000000, .6926961321316743E-05, 6.926961321316742, 12.75436765792889, 2244.768707795484, 
 177.0000000000000, .6939625337881670E-05, 6.939625337881671, 12.57407084096465, 2225.610538850743, 
 178.0000000000000, .6952110272324194E-05, 6.952110272324195, 12.39620224947626, 2206.524000406775, 
 179.0000000000000, .6964418549315776E-05, 6.964418549315776, 12.22075474716879, 2187.515099743213, 
 180.0000000000000, .6976552586384428E-05, 6.976552586384429, 12.04772119181807, 2168.589814527253, 
 181.0000000000000, .6988514793824531E-05, 6.988514793824532, 11.87709426438182, 2149.754061853109, 
 182.0000000000000, .7000307574608028E-05, 7.000307574608028, 11.70886663586510, 2131.013727727448, 
 183.0000000000000, .7011933324294403E-05, 7.011933324294403, 11.54303081697200, 2112.374639505877, 
 184.0000000000000, .7023394430942063E-05, 7.023394430942063, 11.37957929795077, 2093.842590822941, 
 185.0000000000000, .7034693275017643E-05, 7.034693275017643, 11.21850441222149, 2075.423316260976, 
 186.0000000000000, .7045832229306976E-05, 7.045832229306976, 11.05979842849094, 2057.122507699315, 
 187.0000000000000, .7056813658823664E-05, 7.056813658823664, 10.90345354711034, 2038.945813309633, 
 188.0000000000000, .7067639920718644E-05, 7.067639920718644, 10.74946185903659, 2020.898829498878, 
 189.0000000000000, .7078313364191470E-05, 7.078313364191470, 10.59781535773311, 2002.987102611557, 
 190.0000000000000, .7088836330396630E-05, 7.088836330396630, 10.44850594048273, 1985.216128691718, 
 191.0000000000000, .7099211152353189E-05, 7.099211152353188, 10.30152549851198, 1967.591370215789, 
 192.0000000000000, .7109440154855446E-05, 7.109440154855445, 10.15686567440090, 1950.118209484973, 
 193.0000000000000, .7119525654377309E-05, 7.119525654377308, 10.01451812123270, 1932.801997397911, 
 194.0000000000000, .7129469958983901E-05, 7.129469958983901, 9.874474410436642, 1915.648035624709, 
 195.0000000000000, .7139275368237818E-05, 7.139275368237818, 9.736725984015338, 1898.661566882991, 
 196.0000000000000, .7148944173107693E-05, 7.148944173107693, 9.601264226711981, 1881.847788435548, 
 197.0000000000000, .7158478655875119E-05, 7.158478655875119, 9.468080326800466, 1865.211824379692, 
 198.0000000000000, .7167881090044008E-05, 7.167881090044008, 9.337165530364693, 1848.758775012209, 
 199.0000000000000, .7177153740245869E-05, 7.177153740245869, 9.208510907093945, 1832.493670511695, 
 200.0000000000000, .7186298862150060E-05, 7.186298862150060, 9.082107420205467, 1816.421484041093, 
 201.0000000000000, .7195318702370224E-05, 7.195318702370224, 8.957946007886679, 1800.547147585223, 
 202.0000000000000, .7204215498372122E-05, 7.204215498372122, 8.836017435106765, 1784.875521891567, 
 203.0000000000000, .7212991478382939E-05, 7.212991478382939, 8.716312470011280, 1769.411431412290, 
 204.0000000000000, .7221648861298309E-05, 7.221648861298309, 8.598821688808115, 1754.159624516856, 
 205.0000000000000, .7230189856592072E-05, 7.230189856592072, 8.483535646021116, 1739.124807434329, 
 206.0000000000000, .7238616664224199E-05, 7.238616664224199, 8.370444758743034, 1724.311620301065, 
 207.0000000000000, .7246931474551754E-05, 7.246931474551754, 8.259539392736425, 1709.724654296440, 
 208.0000000000000, .7255136468236469E-05, 7.255136468236469, 8.150809837827341, 1695.368446268087, 
 209.0000000000000, .7263233816157485E-05, 7.263233816157484, 8.044246236542799, 1681.247463437445, 
 210.0000000000000, .7271225679320490E-05, 7.271225679320490, 7.939838677284420, 1667.366122229728, 
 211.0000000000000, .7279114208769583E-05, 7.279114208769583, 7.837577126946940, 1653.728773785804, 
 212.0000000000000, .7286901545500461E-05, 7.286901545500461, 7.737451532900992, 1640.339724975010, 
 213.0000000000000, .7294589820371719E-05, 7.294589820371719, 7.639451714234064, 1627.203215131856, 
 214.0000000000000, .7302181154019781E-05, 7.302181154019781, 7.543567375684201, 1614.323418396419, 
 215.0000000000000, .7309677656772496E-05, 7.309677656772496, 7.449788206192280, 1601.704464331340, 
 216.0000000000000, .7317081428564446E-05, 7.317081428564446, 7.358103708182524, 1589.350400967425, 
 217.0000000000000, .7324394558854514E-05, 7.324394558854514, 7.268503419569837, 1577.265242046655, 
 218.0000000000000, .7331619126540627E-05, 7.331619126540627, 7.180976715257632, 1565.452923926164, 
 219.0000000000000, .7338757199881394E-05, 7.338757199881394, 7.095512948549981, 1553.917335732446, 
 220.0000000000000, .7345810836411612E-05, 7.345810836411612, 7.012101305123138, 1542.662287127090, 
 221.0000000000000, .7352782082865310E-05, 7.352782082865311, 6.930730969552211, 1531.691544271039, 
 222.0000000000000, .7359672975097163E-05, 7.359672975097163, 6.851391039930247, 1521.008810864515, 
 223.0000000000000, .7366485538003531E-05, 7.366485538003531, 6.774070494622184, 1510.617720300747, 
 224.0000000000000, .7373221785448402E-05, 7.373221785448402, 6.698758263585028, 1500.521851043046, 
 225.0000000000000, .7379883720188149E-05, 7.379883720188149, 6.625443219346951, 1490.724724353064, 
 226.0000000000000, .7386473333796941E-05, 7.386473333796941, 6.554114114708018, 1481.229789924012, 
 227.0000000000000, .7392992606596615E-05, 7.392992606596615, 6.484759699800139, 1472.040451854632, 
 228.0000000000000, .7399443507584942E-05, 7.399443507584942, 6.417368584486571, 1463.160037262938, 
 229.0000000000000, .7405827994366115E-05, 7.405827994366115, 6.351929381933995, 1454.591828462885, 
 230.0000000000000, .7412148013084155E-05, 7.412148013084155, 6.288430553393737, 1446.339027280560, 
 231.0000000000000, .7418405498356488E-05, 7.418405498356488, 6.226860566554572, 1438.404790874106, 
 232.0000000000000, .7424602373207959E-05, 7.424602373207959, 6.167207775433452, 1430.792203900561, 
 233.0000000000000, .7430740549008229E-05, 7.430740549008229, 6.109460508043420, 1423.504298374117, 
 234.0000000000000, .7436821925412094E-05, 7.436821925412094, 6.053607018155079, 1416.544042248288, 
 235.0000000000000, .7442848390296185E-05, 7.442848390296185, 5.999635491395233, 1409.914340477880, 
 236.0000000000000, .7448821819703254E-05, 7.448821819703253, 5.947534078704686, 1403.618042574306, 
 237.0000000000000, .7454744077784313E-05, 7.454744077784313, 5.897290832641364, 1397.657927336003, 
 238.0000000000000, .7460617016743607E-05, 7.460617016743607, 5.848893842609129, 1392.036734540973, 
 239.0000000000000, .7466442476785061E-05, 7.466442476785061, 5.802331019923165, 1386.757113761636, 
 240.0000000000000, .7472222286061590E-05, 7.472222286061590, 5.757590294575731, 1381.821670698175, 
 241.0000000000000, .7477958260623366E-05, 7.477958260623367, 5.714659546880604, 1377.232950798226, 
 242.0000000000000, .7483652204371938E-05, 7.483652204371938, 5.673526639660333, 1372.993446797800, 
 243.0000000000000, .7489305909010928E-05, 7.489305909010928, 5.634179304447355, 1369.105570980707, 
 244.0000000000000, .7494921154003210E-05, 7.494921154003210, 5.596605298269805, 1365.571692777832, 
 245.0000000000000, .7500499706527296E-05, 7.500499706527296, 5.560792304294541, 1362.394114552162, 
 246.0000000000000, .7506043321435658E-05, 7.506043321435658, 5.526727978117499, 1359.575082616905, 
 247.0000000000000, .7511553741216909E-05, 7.511553741216909, 5.494399969617144, 1357.116792495435, 
 248.0000000000000, .7517032695954501E-05, 7.517032695954501, 5.463795820971701, 1355.021363600982, 
 249.0000000000000, .7522481903295054E-05, 7.522481903295054, 5.434903087234296, 1353.290868721340, 
 250.0000000000000, .7527903068410644E-05, 7.527903068410644, 5.407709298639989, 1351.927324659997, 
 251.0000000000000, .7533297883967577E-05, 7.533297883967577, 5.382201896993601, 1350.932676145394, 
 252.0000000000000, .7538668030097656E-05, 7.538668030097656, 5.358368353619049, 1350.308825112000, 
 253.0000000000000, .7544015174365526E-05, 7.544015174365525, 5.336196072839948, 1350.057606428507, 
 254.0000000000000, .7549340971744973E-05, 7.549340971744972, 5.315672457328197, 1350.180804161362, 
 255.0000000000000, .7554647064591778E-05, 7.554647064591778, 5.296784903318242, 1350.680150346152, 
 256.0000000000000, .7559935082619316E-05, 7.559935082619316, 5.279520714887348, 1351.557303011161, 
 257.0000000000000, .7565206642879087E-05, 7.565206642879087, 5.263867241429041, 1352.813881047264, 
 258.0000000000000, .7570463349738986E-05, 7.570463349738986, 5.249811792526297, 1354.451442471785, 
 259.0000000000000, .7575706794865497E-05, 7.575706794865496, 5.237341642864339, 1356.471485501864, 
 260.0000000000000, .7580938557206045E-05, 7.580938557206045, 5.226444107531858, 1358.875467958283, 
 261.0000000000000, .7586160202975073E-05, 7.586160202975073, 5.217106394849041, 1361.664769055600, 
 262.0000000000000, .7591373285640922E-05, 7.591373285640922, 5.209315765821528, 1364.840730645240, 
 263.0000000000000, .7596579345913641E-05, 7.596579345913641, 5.203059502164911, 1368.404649069372, 
 264.0000000000000, .7601779911735123E-05, 7.601779911735123, 5.198324750577734, 1372.357734152522, 
 265.0000000000000, .7606976498271255E-05, 7.606976498271255, 5.195098785236996, 1376.701178087804, 
 266.0000000000000, .7612170607905313E-05, 7.612170607905313, 5.193368787019019, 1381.436097347059, 
 267.0000000000000, .7617363730232797E-05, 7.617363730232797, 5.193122024129220, 1386.563580442502, 
 268.0000000000000, .7622557342058478E-05, 7.622557342058478, 5.194345671048824, 1392.084639841085, 
 269.0000000000000, .7627752907393911E-05, 7.627752907393911, 5.197026918733841, 1398.000241139403, 
 270.0000000000000, .7632951877458790E-05, 7.632951877458789, 5.201152992656880, 1404.311308017358, 
 271.0000000000000, .7638155690680771E-05, 7.638155690680771, 5.206711101053425, 1411.018708385478, 
 272.0000000000000, .7643365772699362E-05, 7.643365772699362, 5.213688442968654, 1418.123256487474, 
 273.0000000000000, .7648583536371381E-05, 7.648583536371381, 5.222072256411261, 1425.625726000274, 
 274.0000000000000, .7653810381774336E-05, 7.653810381774336, 5.231849790824885, 1433.526842686018, 
 275.0000000000000, .7659047696217202E-05, 7.659047696217202, 5.243008228483450, 1441.827262832949, 
 276.0000000000000, .7664296854246623E-05, 7.664296854246623, 5.255534837041805, 1450.527615023538, 
 277.0000000000000, .7669559217659722E-05, 7.669559217659722, 5.269416873990399, 1459.628474095340, 
 278.0000000000000, .7674836135514219E-05, 7.674836135514219, 5.284641609863992, 1469.130367542190, 
 279.0000000000000, .7680128944143436E-05, 7.680128944143436, 5.301196311978618, 1479.033771042034, 
 280.0000000000000, .7685438967170025E-05, 7.685438967170025, 5.319068278990529, 1489.339118117348, 
 281.0000000000000, .7690767515521058E-05, 7.690767515521058, 5.338244854787537, 1500.046804195298, 
 282.0000000000000, .7696115887448762E-05, 7.696115887448762, 5.358713326336840, 1511.157158026989, 
 283.0000000000000, .7701485368545582E-05, 7.701485368545582, 5.380461087501194, 1522.670487762838, 
 284.0000000000000, .7706877231766679E-05, 7.706877231766679, 5.403475473782785, 1534.587034554311, 
 285.0000000000000, .7712292737451440E-05, 7.712292737451440, 5.427743903693028, 1546.907012552513, 
 286.0000000000000, .7717733133343758E-05, 7.717733133343758, 5.453253771772304, 1559.630578726879, 
 287.0000000000000, .7723199654619306E-05, 7.723199654619306, 5.479992589282136, 1572.757873123973, 
 288.0000000000000, .7728693523907225E-05, 7.728693523907225, 5.507947715865149, 1586.288942169163, 
 289.0000000000000, .7734215951320070E-05, 7.734215951320070, 5.537106729444359, 1600.223844809420, 
 290.0000000000000, .7739768134477992E-05, 7.739768134477992, 5.567457138994298, 1614.562570308346, 
 291.0000000000000, .7745351258540303E-05, 7.745351258540303, 5.598986447814379, 1629.305056313985, 
 292.0000000000000, .7750966496232271E-05, 7.750966496232271, 5.631682347160627, 1644.451245370903, 
 293.0000000000000, .7756615007879530E-05, 7.756615007879530, 5.665532334149114, 1660.000973905690, 
 294.0000000000000, .7762297941436433E-05, 7.762297941436433, 5.700524093598411, 1675.954083517933, 
 295.0000000000000, .7768016432522707E-05, 7.768016432522707, 5.736645348867093, 1692.310377915792, 
 296.0000000000000, .7773771604453449E-05, 7.773771604453449, 5.773883734544677, 1709.069585425224, 
 297.0000000000000, .7779564568279790E-05, 7.779564568279790, 5.812227076057209, 1726.231441588991, 
 298.0000000000000, .7785396422819714E-05, 7.785396422819714, 5.851663138945498, 1743.795615405759, 
 299.0000000000000, .7791268254696816E-05, 7.791268254696815, 5.892179732203150, 1761.761739928742, 
 300.0000000000000, .7797181138381262E-05, 7.797181138381262, 5.933764737838009, 1780.129421351403, 
 301.0000000000000, .7803136136224738E-05, 7.803136136224738, 5.976406044380070, 1798.898219358401, 
 302.0000000000000, .7809134298501637E-05, 7.809134298501637, 6.020091605750275, 1818.067664936583, 
 303.0000000000000, .7815176663452100E-05, 7.815176663452100, 6.064809382476421, 1837.637242890356, 
 304.0000000000000, .7821264257320753E-05, 7.821264257320753, 6.110547429615182, 1857.606418603016, 
 305.0000000000000, .7827398094399904E-05, 7.827398094399904, 6.157293809507718, 1877.974611899854, 
 306.0000000000000, .7833579177074345E-05, 7.833579177074345, 6.205036653782479, 1898.741216057439, 
 307.0000000000000, .7839808495863818E-05, 7.839808495863818, 6.253764099065415, 1919.905578413082, 
 308.0000000000000, .7846087029468343E-05, 7.846087029468343, 6.303464313068581, 1941.467008425123, 
 309.0000000000000, .7852415744815688E-05, 7.852415744815689, 6.354125615969965, 1963.424815334719, 
 310.0000000000000, .7858795597104514E-05, 7.858795597104514, 6.405736261286060, 1985.778240998678, 
 311.0000000000000, .7865227529854305E-05, 7.865227529854305, 6.458284589777754, 2008.526507420881, 
 312.0000000000000, .7871712474951017E-05, 7.871712474951017, 6.511759024452834, 2031.668815629284, 
 313.0000000000000, .7878251352698883E-05, 7.878251352698883, 6.566147970023175, 2055.204314617254, 
 314.0000000000000, .7884845071864814E-05, 7.884845071864814, 6.621439956561528, 2079.132146360320, 
 315.0000000000000, .7891494529733274E-05, 7.891494529733275, 6.677623473991284, 2103.451394307254, 
 316.0000000000000, .7898200612153245E-05, 7.898200612153246, 6.734687150386905, 2128.161139522262, 
 317.0000000000000, .7904964193589703E-05, 7.904964193589703, 6.792619612382898, 2153.260417125379, 
 318.0000000000000, .7911786137177331E-05, 7.911786137177331, 6.851409585039001, 2178.748248042402, 
 319.0000000000000, .7918667294769935E-05, 7.918667294769935, 6.911045762074728, 2204.623598101838, 
 320.0000000000000, .7925608506996406E-05, 7.925608506996406, 6.971516964518649, 2230.885428645968, 
 321.0000000000000, .7932610603309669E-05, 7.932610603309669, 7.032812077265618, 2257.532676802263, 
 322.0000000000000, .7939674402044595E-05, 7.939674402044595, 7.094919957766619, 2284.564226400851, 
 323.0000000000000, .7946800710470133E-05, 7.946800710470133, 7.157829608908195, 2311.978963677347, 
 324.0000000000000, .7953990324844021E-05, 7.953990324844021, 7.221530011638735, 2339.775723770950, 
 325.0000000000000, .7961244030469264E-05, 7.961244030469264, 7.286010311485129, 2367.953351232667, 
 326.0000000000000, .7968562601747493E-05, 7.968562601747492, 7.351259528443988, 2396.510606272740, 
 327.0000000000000, .7975946802238296E-05, 7.975946802238296, 7.417266911719032, 2425.446280132123, 
 328.0000000000000, .7983397384712450E-05, 7.983397384712450, 7.484021706024712, 2454.759119576106, 
 329.0000000000000, .7990915091210006E-05, 7.990915091210006, 7.551513188093321, 2484.447838882703, 
 330.0000000000000, .7998500653098381E-05, 7.998500653098381, 7.619730733590604, 2514.511142084899, 
 331.0000000000000, .8006154791129271E-05, 8.006154791129271, 7.688663734021817, 2544.947695961221, 
 332.0000000000000, .8013878215495376E-05, 8.013878215495376, 7.758301637135207, 2575.756143528889, 
 333.0000000000000, .8021671625890433E-05, 8.021671625890432, 7.828634033996996, 2606.935133321000, 
 334.0000000000000, .8029535711566599E-05, 8.029535711566599, 7.899650477641626, 2638.483259532303, 
 335.0000000000000, .8037471151393934E-05, 8.037471151393934, 7.971340613768943, 2670.399105612596, 
 336.0000000000000, .8045478613920079E-05, 8.045478613920078, 8.043694156095537, 2702.681236448100, 
 337.0000000000000, .8053558757426952E-05, 8.053558757426952, 8.116700896180330, 2735.328202012771, 
 338.0000000000000, .8061712229993959E-05, 8.061712229993958, 8.190350576708438, 2768.338494927452, 
 339.0000000000000, .8069939669555491E-05, 8.069939669555492, 8.264633176517769, 2801.710646839524, 
 340.0000000000000, .8078241703961749E-05, 8.078241703961750, 8.339538607276511, 2835.443126474014, 
 341.0000000000000, .8086618951039249E-05, 8.086618951039249, 8.415056889157778, 2869.534399202803, 
 342.0000000000000, .8095072018651184E-05, 8.095072018651184, 8.491178040217102, 2903.982889754249, 
 343.0000000000000, .8103601504757531E-05, 8.103601504757531, 8.567892236227543, 2938.787037026047, 
 344.0000000000000, .8112207997476508E-05, 8.112207997476508, 8.645189626026520, 2973.945231353123, 
 345.0000000000000, .8120892075146857E-05, 8.120892075146857, 8.723060496602523, 3009.455871327871, 
 346.0000000000000, .8129654306385712E-05, 8.129654306385712, 8.801495154510505, 3045.317323460635, 
 347.0000000000000, .8138495250153144E-05, 8.138495250153143, 8.880483946370076, 3081.527929390416, 
 348.0000000000000, .8147415455811767E-05, 8.147415455811768, 8.960017350514466, 3118.086037979034, 
 349.0000000000000, .8156415463189338E-05, 8.156415463189338, 9.040085820882364, 3154.989951487945, 
 350.0000000000000, .8165495802639530E-05, 8.165495802639530, 9.120679931775834, 3192.237976121542, 
 351.0000000000000, .8174656995105072E-05, 8.174656995105071, 9.201790269609512, 3229.828384632939, 
 352.0000000000000, .8183899552177030E-05, 8.183899552177030, 9.283407587070606, 3267.759470648853, 
 353.0000000000000, .8193223976159081E-05, 8.193223976159080, 9.365522575012914, 3306.029468979559, 
 354.0000000000000, .8202630760128819E-05, 8.202630760128820, 9.448126022376652, 3344.636611921335, 
 355.0000000000000, .8212120387998824E-05, 8.212120387998825, 9.531208846851042, 3383.579140632120, 
 356.0000000000000, .8221693334581205E-05, 8.221693334581204, 9.614761957485571, 3422.855256864863, 
 357.0000000000000, .8231350065645186E-05, 8.231350065645186, 9.698776330499440, 3462.463149988300, 
 358.0000000000000, .8241091037983970E-05, 8.241091037983969, 9.783243013347317, 3502.400998778340, 
 359.0000000000000, .8250916699474603E-05, 8.250916699474603, 9.868153154280796, 3542.666982386806, 
 360.0000000000000, .8260827489139659E-05, 8.260827489139659, 9.953497880290941, 3583.259236904739, 
 361.0000000000000, .8270823837209439E-05, 8.270823837209438, 10.03926849743158, 3624.175927572800, 
 362.0000000000000, .8280906165186231E-05, 8.280906165186231, 10.12545626771083, 3665.415168911321, 
 363.0000000000000, .8291074885902659E-05, 8.291074885902658, 10.21205254690335, 3706.975074525918, 
 364.0000000000000, .8301330403587181E-05, 8.301330403587182, 10.29904877887524, 3748.853755510589, 
 365.0000000000000, .8311673113924095E-05, 8.311673113924094, 10.38643643425883, 3791.049298504472, 
 366.0000000000000, .8322103404116347E-05, 8.322103404116348, 10.47420708177285, 3833.559791928864, 
 367.0000000000000, .8332621652945837E-05, 8.332621652945837, 10.56235233553703, 3876.383307142091, 
 368.0000000000000, .8343228230837232E-05, 8.343228230837232, 10.65086383753846, 3919.517892214154, 
 369.0000000000000, .8353923499919588E-05, 8.353923499919588, 10.73973331412872, 3962.961592913497, 
 370.0000000000000, .8364707814085616E-05, 8.364707814085616, 10.82895263616320, 4006.712475380386, 
 371.0000000000000, .8375581519056064E-05, 8.375581519056064, 10.91851358250953, 4050.768539111037, 
 372.0000000000000, .8386544952440875E-05, 8.386544952440875, 11.00840810677823, 4095.127815721502, 
 373.0000000000000, .8397598443797461E-05, 8.397598443797461, 11.09862819078601, 4139.788315163180, 
 374.0000000000000, .8408742314696089E-05, 8.408742314696088, 11.18916588953322, 4184.748042685424, 
 375.0000000000000, .8419976878778555E-05, 8.419976878778554, 11.28001324235013, 4230.004965881299, 
 376.0000000000000, .8431302441819891E-05, 8.431302441819891, 11.37116247084847, 4275.557089039025, 
 377.0000000000000, .8442719301790119E-05, 8.442719301790119, 11.46260581586764, 4321.402392582099, 
 378.0000000000000, .8454227748913161E-05, 8.454227748913160, 11.55433550943788, 4367.538822567518, 
 379.0000000000000, .8465828065728967E-05, 8.465828065728967, 11.64634393986701, 4413.964353209599, 
 380.0000000000000, .8477520527153538E-05, 8.477520527153537, 11.73862346513910, 4460.676916752856, 
 381.0000000000000, .8489305400539836E-05, 8.489305400539836, 11.83116661501645, 4507.674480321268, 
 382.0000000000000, .8501182945737248E-05, 8.501182945737247, 11.92396585725859, 4554.954957472783, 
 383.0000000000000, .8513153415151999E-05, 8.513153415151999, 12.01701382208596, 4602.516293858924, 
 384.0000000000000, .8525217053806815E-05, 8.525217053806815, 12.11030311574796, 4650.356396447217, 
 385.0000000000000, .8537374099400893E-05, 8.537374099400893, 12.20382648882840, 4698.473198198935, 
 386.0000000000000, .8549624782370126E-05, 8.549624782370126, 12.29757666311199, 4746.864591961228, 
 387.0000000000000, .8561969325944982E-05, 8.561969325944983, 12.39154649878860, 4795.528495031189, 
 388.0000000000000, .8574407946210974E-05, 8.574407946210973, 12.48572886841480, 4844.462800944943, 
 389.0000000000000, .8586940852167512E-05, 8.586940852167512, 12.58011671849312, 4893.665403493826, 
 390.0000000000000, .8599568245785567E-05, 8.599568245785568, 12.67470302212295, 4943.134178627949, 
 391.0000000000000, .8612290322068486E-05, 8.612290322068485, 12.76948087632456, 4992.867022642902, 
 392.0000000000000, .8625107269108026E-05, 8.625107269108026, 12.86444338811324, 5042.861808140391, 
 393.0000000000000, .8638019268145360E-05, 8.638019268145360, 12.95958374802173, 5093.116412972540, 
 394.0000000000000, .8651026493625211E-05, 8.651026493625212, 13.05489514734508, 5143.628688053963, 
 395.0000000000000, .8664129113258596E-05, 8.664129113258596, 13.15037093890754, 5194.396520868479, 
 396.0000000000000, .8677327288076584E-05, 8.677327288076585, 13.24600443970385, 5245.417758122727, 
 397.0000000000000, .8690621172489010E-05, 8.690621172489010, 13.34178904753572, 5296.690251871680, 
 398.0000000000000, .8704010914342175E-05, 8.704010914342176, 13.43771823838596, 5348.211858877613, 
 399.0000000000000, .8717496654975572E-05, 8.717496654975571, 13.53378552999615, 5399.980426468463, 
 400.0000000000000, .8731078529277909E-05, 8.731078529277909, 13.62998450084009, 5451.993800336037, 
 401.0000000000000, .8744756665744543E-05, 8.744756665744543, 13.72630878792159, 5504.249823956559, 
 402.0000000000000, .8758531186533022E-05, 8.758531186533022, 13.82275211235482, 5556.746349166639, 
 403.0000000000000, .8772402207520800E-05, 8.772402207520800, 13.91930815917034, 5609.481188145647, 
 404.0000000000000, .8786369838359555E-05, 8.786369838359555, 14.01597076925278, 5662.452190778123, 
 405.0000000000000, .8800434182530224E-05, 8.800434182530225, 14.11273380974478, 5715.657192946637, 
 406.0000000000000, .8814595337400013E-05, 8.814595337400013, 14.20959114236799, 5769.094003801405, 
 407.0000000000000, .8828853394276968E-05, 8.828853394276969, 14.30653680799151, 5822.760480852546, 
 408.0000000000000, .8843208438463987E-05, 8.843208438463988, 14.40356480648806, 5876.654441047127, 
 409.0000000000000, .8857660549316246E-05, 8.857660549316245, 14.50066915026642, 5930.773682458966, 
 410.0000000000000, .8872209800291385E-05, 8.872209800291385, 14.59784406052903, 5985.116064816901, 
 411.0000000000000, .8886856259006921E-05, 8.886856259006921, 14.69508366369531, 6039.679385778772, 
 412.0000000000000, .8901599987293531E-05, 8.901599987293531, 14.79238223500839, 6094.461480823457, 
 413.0000000000000, .8916441041247608E-05, 8.916441041247609, 14.88973405081254, 6149.460162985578, 
 414.0000000000000, .8931379471284927E-05, 8.931379471284927, 14.98713348054094, 6204.673260943947, 
 415.0000000000000, .8946415322196629E-05, 8.946415322196628, 15.08457488430941, 6260.098576988404, 
 416.0000000000000, .8961548633196446E-05, 8.961548633196445, 15.18205272413184, 6315.733933238846, 
 417.0000000000000, .8976779437979322E-05, 8.976779437979321, 15.27956156180261, 6371.577171271687, 
 418.0000000000000, .8992107764770330E-05, 8.992107764770330, 15.37709585882737, 6427.626068989841, 
 419.0000000000000, .9007533636377124E-05, 9.007533636377124, 15.47465028762301, 6483.878470514040, 
 420.0000000000000, .9023057070241995E-05, 9.023057070241995, 15.57221948520041, 6540.332183784170, 
 421.0000000000000, .9038678078495882E-05, 9.038678078495881, 15.66979818496281, 6596.985035869345, 
 422.0000000000000, .9054396668004062E-05, 9.054396668004062, 15.76738112200754, 6653.834833487183, 
 423.0000000000000, .9070212840423911E-05, 9.070212840423912, 15.86496314425669, 6710.879410020579, 
 424.0000000000000, .9086126592251280E-05, 9.086126592251279, 15.96253907803301, 6768.116569085995, 
 425.0000000000000, .9102137914871682E-05, 9.102137914871681, 16.06010388162699, 6825.544149691472, 
 426.0000000000000, .9118246794611736E-05, 9.118246794611736, 16.15765248918870, 6883.159960394385, 
 427.0000000000000, .9134453212789122E-05, 9.134453212789122, 16.25517994515186, 6940.961836579846, 
 428.0000000000000, .9150757145760617E-05, 9.150757145760616, 16.35268125320795, 6998.947576373002, 
 429.0000000000000, .9167158564973491E-05, 9.167158564973491, 16.45015159585706, 7057.115034622680, 
 430.0000000000000, .9183657437014530E-05, 9.183657437014530, 16.54758612112508, 7115.462032083785, 
 431.0000000000000, .9200253723655907E-05, 9.200253723655907, 16.64498000278767, 7173.986381201487, 
 432.0000000000000, .9216947381909678E-05, 9.216947381909678, 16.74232854209897, 7232.685930186756, 
 433.0000000000000, .9233738364069887E-05, 9.233738364069888, 16.83962705403505, 7291.558514397175, 
 434.0000000000000, .9250626617765095E-05, 9.250626617765095, 16.93687085120026, 7350.601949420914, 
 435.0000000000000, .9267612086004429E-05, 9.267612086004430, 17.03405536901878, 7409.814085523168, 
 436.0000000000000, .9284694707224594E-05, 9.284694707224594, 17.13117604528643, 7469.192755744883, 
 437.0000000000000, .9301874415338830E-05, 9.301874415338830, 17.22822841012566, 7528.735815224913, 
 438.0000000000000, .9319151139782371E-05, 9.319151139782370, 17.32520796011639, 7588.441086530977, 
 439.0000000000000, .9336524805561384E-05, 9.336524805561384, 17.42211035387595, 7648.306445351542, 
 440.0000000000000, .9353995333295954E-05, 9.353995333295954, 17.51893117006177, 7708.329714827179, 
 441.0000000000000, .9371562639268923E-05, 9.371562639268923, 17.61566609414212, 7768.508747516677, 
 442.0000000000000, .9389226635471315E-05, 9.389226635471314, 17.71231092559592, 7828.841429113397, 
 443.0000000000000, .9406987229648045E-05, 9.406987229648045, 17.80886138021522, 7889.325591435342, 
 444.0000000000000, .9424844325342162E-05, 9.424844325342162, 17.90531325781774, 7949.959086471077, 
 445.0000000000000, .9442797821941958E-05, 9.442797821941959, 18.00166246604851, 8010.739797391587, 
 446.0000000000000, .9460847614724081E-05, 9.460847614724081, 18.09790494702678, 8071.665606373943, 
 447.0000000000000, .9478993594898740E-05, 9.478993594898739, 18.19403658984755, 8132.734355661854, 
 448.0000000000000, .9497235649653071E-05, 9.497235649653071, 18.29005342497561, 8193.943934389075, 
 449.0000000000000, .9515573662197443E-05, 9.515573662197443, 18.38595152438039, 8255.292234446793, 
 450.0000000000000, .9534007511806671E-05, 9.534007511806671, 18.48172693114745, 8316.777119016353, 
 451.0000000000000, .9552537073865076E-05, 9.552537073865077, 18.57737577763967, 8378.396475715492, 
 452.0000000000000, .9571162219909079E-05, 9.571162219909079, 18.67289425102294, 8440.148201462367, 
 453.0000000000000, .9589882817670200E-05, 9.589882817670199, 18.76827859241913, 8502.030202365868, 
 454.0000000000000, .9608698731116859E-05, 9.608698731116858, 18.86352502372251, 8564.040360770019, 
 455.0000000000000, .9627609820499273E-05, 9.627609820499273, 18.95862982002097, 8626.176568109540, 
 456.0000000000000, .9646615942387920E-05, 9.646615942387919, 19.05358941767750, 8688.436774460941, 
 457.0000000000000, .9665716949718897E-05, 9.665716949718897, 19.14840013328463, 8750.818860911077, 
 458.0000000000000, .9684912691832397E-05, 9.684912691832396, 19.24305840879576, 8813.320751228459, 
 459.0000000000000, .9704203014517199E-05, 9.704203014517198, 19.33756067938803, 8875.940351839106, 
 460.0000000000000, .9723587760048548E-05, 9.723587760048547, 19.43190354642644, 8938.675631356162, 
 461.0000000000000, .9743066767231067E-05, 9.743066767231067, 19.52608343797305, 9001.524464905573, 
 462.0000000000000, .9762639871438006E-05, 9.762639871438006, 19.62009697750042, 9064.484803605192, 
 463.0000000000000, .9782306904652393E-05, 9.782306904652394, 19.71394087081272, 9127.554623186288, 
 464.0000000000000, .9802067695507374E-05, 9.802067695507374, 19.80761175569737, 9190.731854643576, 
 465.0000000000000, .9821922069323018E-05, 9.821922069323017, 19.90110625164587, 9254.014407015327, 
 466.0000000000000, .9841869848149635E-05, 9.841869848149635, 19.99442118228467, 9317.400270944658, 
 467.0000000000000, .9861910850804528E-05, 9.861910850804527, 20.08755335726418, 9380.887417842374, 
 468.0000000000000, .9882044892910920E-05, 9.882044892910919, 20.18049958115261, 9444.473803979421, 
 469.0000000000000, .9902271786938105E-05, 9.902271786938105, 20.27325668672435, 9508.157386073721, 
 470.0000000000000, .9922591342238495E-05, 9.922591342238494, 20.36582160907540, 9571.936156265436, 
 471.0000000000000, .9943003365086287E-05, 9.943003365086287, 20.45819128855333, 9635.808096908619, 
 472.0000000000000, .9963507658714299E-05, 9.963507658714299, 20.55036266940209, 9699.771179957786, 
 473.0000000000000, .9984104023353417E-05, 9.984104023353417, 20.64233279412144, 9763.823411619442, 
 474.0000000000000, .1000479225626795E-04, 10.00479225626795, 20.73409873257031, 9827.962799238325, 
 475.0000000000000, .1002557215179405E-04, 10.02557215179406, 20.82565753521056, 9892.187329225015, 
 476.0000000000000, .1004644350137568E-04, 10.04644350137568, 20.91700639963369, 9956.495046225635, 
 477.0000000000000, .1006740609360277E-04, 10.06740609360277, 21.00814236080087, 10020.88390610201, 
 478.0000000000000, .1008845971424516E-04, 10.08845971424516, 21.09906273548113, 10085.35198755998, 
 479.0000000000000, .1010960414628975E-04, 10.10960414628975, 21.18976471067804, 10149.89729641478, 
 480.0000000000000, .1013083916997741E-04, 10.13083916997741, 21.28024558715173, 10214.51788183283, 
 481.0000000000000, .1015216456283547E-04, 10.15216456283548, 21.37050263330563, 10279.21176662001, 
 482.0000000000000, .1017358009971717E-04, 10.17358009971717, 21.46053317878368, 10343.97699217373, 
 483.0000000000000, .1019508555283279E-04, 10.19508555283279, 21.55033465987125, 10408.81164071781, 
 484.0000000000000, .1021668069178738E-04, 10.21668069178738, 21.63990443204678, 10473.71374511064, 
 485.0000000000000, .1023836528361310E-04, 10.23836528361310, 21.72923997606488, 10538.68138839147, 
 486.0000000000000, .1026013909280431E-04, 10.26013909280431, 21.81833876700503, 10603.71264076445, 
 487.0000000000000, .1028200188135253E-04, 10.28200188135253, 21.90719825318049, 10668.80554929890, 
 488.0000000000000, .1030395340877890E-04, 10.30395340877890, 21.99581608847939, 10733.95825117794, 
 489.0000000000000, .1032599343216816E-04, 10.32599343216816, 22.08418979261987, 10799.16880859112, 
 490.0000000000000, .1034812170620191E-04, 10.34812170620191, 22.17231698628636, 10864.43532328032, 
 491.0000000000000, .1037033798319161E-04, 10.37033798319161, 22.26019532921154, 10929.75590664287, 
 492.0000000000000, .1039264201311229E-04, 10.39264201311229, 22.34782243987758, 10995.12864041977, 
 493.0000000000000, .1041503354363381E-04, 10.41503354363381, 22.43519614166390, 11060.55169784030, 
 494.0000000000000, .1043751232015352E-04, 10.43751232015352, 22.52231408278354, 11126.02315689507, 
 495.0000000000000, .1046007808582831E-04, 10.46007808582831, 22.60917408805589, 11191.54117358766, 
 496.0000000000000, .1048273058160705E-04, 10.48273058160705, 22.69577391309774, 11257.10386089648, 
 497.0000000000000, .1050546954626249E-04, 10.50546954626249, 22.78211146412835, 11322.70939767179, 
 498.0000000000000, .1052829471642063E-04, 10.52829471642063, 22.86818458578768, 11388.35592372227, 
 499.0000000000000, .1055120582659412E-04, 10.55120582659412, 22.95399115447944, 11454.04158608524, 
 500.0000000000000, .1057420260921101E-04, 10.57420260921101, 23.03952912046859, 11519.76456023429, 
