 T(K), tau_Thom(T)(V/K), tau_Thom(T)(microV/K), 
 100.0000000000000, .3388824109444229E-05, 3388.824109444229, 
 101.0000000000000, .3385138865188805E-05, 3385.138865188805, 
 102.0000000000000, .3380933925364708E-05, 3380.933925364708, 
 103.0000000000000, .3376219144972808E-05, 3376.219144972808, 
 104.0000000000000, .3371004331547604E-05, 3371.004331547605, 
 105.0000000000000, .3365299236972135E-05, 3365.299236972135, 
 106.0000000000000, .3359113561186157E-05, 3359.113561186157, 
 107.0000000000000, .3352456940050286E-05, 3352.456940050286, 
 108.0000000000000, .3345338956682257E-05, 3345.338956682258, 
 109.0000000000000, .3337769127863026E-05, 3337.769127863026, 
 110.0000000000000, .3329756918223505E-05, 3329.756918223505, 
 111.0000000000000, .3321311716862435E-05, 3321.311716862435, 
 112.0000000000000, .3312442861149579E-05, 3312.442861149579, 
 113.0000000000000, .3303159617441869E-05, 3303.159617441869, 
 114.0000000000000, .3293471190563530E-05, 3293.471190563530, 
 115.0000000000000, .3283386718838019E-05, 3283.386718838019, 
 116.0000000000000, .3272915276281373E-05, 3272.915276281373, 
 117.0000000000000, .3262065872119783E-05, 3262.065872119783, 
 118.0000000000000, .3250847448511455E-05, 3250.847448511455, 
 119.0000000000000, .3239268885902021E-05, 3239.268885902021, 
 120.0000000000000, .3227338998925531E-05, 3227.338998925531, 
 121.0000000000000, .3215066535152202E-05, 3215.066535152202, 
 122.0000000000000, .3202460178050153E-05, 3202.460178050153, 
 123.0000000000000, .3189528554831133E-05, 3189.528554831133, 
 124.0000000000000, .3176280222601869E-05, 3176.280222601868, 
 125.0000000000000, .3162723677340287E-05, 3162.723677340286, 
 126.0000000000000, .3148867354691173E-05, 3148.867354691173, 
 127.0000000000000, .3134719631424088E-05, 3134.719631424088, 
 128.0000000000000, .3120288822179400E-05, 3120.288822179400, 
 129.0000000000000, .3105583179629565E-05, 3105.583179629565, 
 130.0000000000000, .3090610902530174E-05, 3090.610902530174, 
 131.0000000000000, .3075380132320639E-05, 3075.380132320639, 
 132.0000000000000, .3059898951225652E-05, 3059.898951225653, 
 133.0000000000000, .3044175382873990E-05, 3044.175382873990, 
 134.0000000000000, .3028217408368461E-05, 3028.217408368461, 
 135.0000000000000, .3012032935314147E-05, 3012.032935314146, 
 136.0000000000000, .2995629841498707E-05, 2995.629841498707, 
 137.0000000000000, .2979015934382857E-05, 2979.015934382856, 
 138.0000000000000, .2962198975658734E-05, 2962.198975658734, 
 139.0000000000000, .2945186678814254E-05, 2945.186678814254, 
 140.0000000000000, .2927986705991890E-05, 2927.986705991890, 
 141.0000000000000, .2910606672540245E-05, 2910.606672540246, 
 142.0000000000000, .2893054142600038E-05, 2893.054142600038, 
 143.0000000000000, .2875336635909249E-05, 2875.336635909249, 
 144.0000000000000, .2857461622177214E-05, 2857.461622177214, 
 145.0000000000000, .2839436532632221E-05, 2839.436532632220, 
 146.0000000000000, .2821268744893420E-05, 2821.268744893420, 
 147.0000000000000, .2802965593951125E-05, 2802.965593951125, 
 148.0000000000000, .2784534380308191E-05, 2784.534380308191, 
 149.0000000000000, .2765982344272656E-05, 2765.982344272656, 
 150.0000000000000, .2747316699932652E-05, 2747.316699932652, 
 151.0000000000000, .2728544609115607E-05, 2728.544609115607, 
 152.0000000000000, .2709673195263956E-05, 2709.673195263956, 
 153.0000000000000, .2690709537917315E-05, 2690.709537917315, 
 154.0000000000000, .2671660681917021E-05, 2671.660681917021, 
 155.0000000000000, .2652533617004492E-05, 2652.533617004492, 
 156.0000000000000, .2633335315340639E-05, 2633.335315340639, 
 157.0000000000000, .2614072678908719E-05, 2614.072678908719, 
 158.0000000000000, .2594752598080270E-05, 2594.752598080270, 
 159.0000000000000, .2575381904388235E-05, 2575.381904388235, 
 160.0000000000000, .2555967399950137E-05, 2555.967399950137, 
 161.0000000000000, .2536515839805957E-05, 2536.515839805957, 
 162.0000000000000, .2517033941518449E-05, 2517.033941518449, 
 163.0000000000000, .2497528387344639E-05, 2497.528387344639, 
 164.0000000000000, .2478005810731784E-05, 2478.005810731784, 
 165.0000000000000, .2458472814556115E-05, 2458.472814556115, 
 166.0000000000000, .2438935956118662E-05, 2438.935956118662, 
 167.0000000000000, .2419401752549534E-05, 2419.401752549534, 
 168.0000000000000, .2399876683961810E-05, 2399.876683961810, 
 169.0000000000000, .2380367182377974E-05, 2380.367182377974, 
 170.0000000000000, .2360879649191291E-05, 2360.879649191291, 
 171.0000000000000, .2341420438274319E-05, 2341.420438274319, 
 172.0000000000000, .2321995859028352E-05, 2321.995859028352, 
 173.0000000000000, .2302612188742734E-05, 2302.612188742734, 
 174.0000000000000, .2283275657001065E-05, 2283.275657001066, 
 175.0000000000000, .2263992445705558E-05, 2263.992445705558, 
 176.0000000000000, .2244768707795484E-05, 2244.768707795484, 
 177.0000000000000, .2225610538850743E-05, 2225.610538850743, 
 178.0000000000000, .2206524000406775E-05, 2206.524000406775, 
 179.0000000000000, .2187515099743213E-05, 2187.515099743213, 
 180.0000000000000, .2168589814527253E-05, 2168.589814527253, 
 181.0000000000000, .2149754061853109E-05, 2149.754061853109, 
 182.0000000000000, .2131013727727448E-05, 2131.013727727448, 
 183.0000000000000, .2112374639505876E-05, 2112.374639505877, 
 184.0000000000000, .2093842590822942E-05, 2093.842590822941, 
 185.0000000000000, .2075423316260976E-05, 2075.423316260976, 
 186.0000000000000, .2057122507699315E-05, 2057.122507699315, 
 187.0000000000000, .2038945813309633E-05, 2038.945813309633, 
 188.0000000000000, .2020898829498878E-05, 2020.898829498878, 
 189.0000000000000, .2002987102611557E-05, 2002.987102611557, 
 190.0000000000000, .1985216128691718E-05, 1985.216128691718, 
 191.0000000000000, .1967591370215789E-05, 1967.591370215789, 
 192.0000000000000, .1950118209484973E-05, 1950.118209484973, 
 193.0000000000000, .1932801997397911E-05, 1932.801997397911, 
 194.0000000000000, .1915648035624709E-05, 1915.648035624709, 
 195.0000000000000, .1898661566882991E-05, 1898.661566882991, 
 196.0000000000000, .1881847788435548E-05, 1881.847788435548, 
 197.0000000000000, .1865211824379692E-05, 1865.211824379692, 
 198.0000000000000, .1848758775012209E-05, 1848.758775012209, 
 199.0000000000000, .1832493670511695E-05, 1832.493670511695, 
 200.0000000000000, .1816421484041093E-05, 1816.421484041093, 
 201.0000000000000, .1800547147585223E-05, 1800.547147585223, 
 202.0000000000000, .1784875521891567E-05, 1784.875521891567, 
 203.0000000000000, .1769411431412290E-05, 1769.411431412290, 
 204.0000000000000, .1754159624516855E-05, 1754.159624516856, 
 205.0000000000000, .1739124807434329E-05, 1739.124807434329, 
 206.0000000000000, .1724311620301065E-05, 1724.311620301065, 
 207.0000000000000, .1709724654296440E-05, 1709.724654296440, 
 208.0000000000000, .1695368446268087E-05, 1695.368446268087, 
 209.0000000000000, .1681247463437445E-05, 1681.247463437445, 
 210.0000000000000, .1667366122229728E-05, 1667.366122229728, 
 211.0000000000000, .1653728773785804E-05, 1653.728773785804, 
 212.0000000000000, .1640339724975010E-05, 1640.339724975010, 
 213.0000000000000, .1627203215131856E-05, 1627.203215131856, 
 214.0000000000000, .1614323418396419E-05, 1614.323418396419, 
 215.0000000000000, .1601704464331340E-05, 1601.704464331340, 
 216.0000000000000, .1589350400967425E-05, 1589.350400967425, 
 217.0000000000000, .1577265242046655E-05, 1577.265242046655, 
 218.0000000000000, .1565452923926164E-05, 1565.452923926164, 
 219.0000000000000, .1553917335732446E-05, 1553.917335732446, 
 220.0000000000000, .1542662287127090E-05, 1542.662287127090, 
 221.0000000000000, .1531691544271039E-05, 1531.691544271039, 
 222.0000000000000, .1521008810864515E-05, 1521.008810864515, 
 223.0000000000000, .1510617720300747E-05, 1510.617720300747, 
 224.0000000000000, .1500521851043046E-05, 1500.521851043046, 
 225.0000000000000, .1490724724353064E-05, 1490.724724353064, 
 226.0000000000000, .1481229789924012E-05, 1481.229789924012, 
 227.0000000000000, .1472040451854632E-05, 1472.040451854632, 
 228.0000000000000, .1463160037262938E-05, 1463.160037262938, 
 229.0000000000000, .1454591828462885E-05, 1454.591828462885, 
 230.0000000000000, .1446339027280560E-05, 1446.339027280560, 
 231.0000000000000, .1438404790874106E-05, 1438.404790874106, 
 232.0000000000000, .1430792203900561E-05, 1430.792203900561, 
 233.0000000000000, .1423504298374117E-05, 1423.504298374117, 
 234.0000000000000, .1416544042248288E-05, 1416.544042248288, 
 235.0000000000000, .1409914340477880E-05, 1409.914340477880, 
 236.0000000000000, .1403618042574306E-05, 1403.618042574306, 
 237.0000000000000, .1397657927336003E-05, 1397.657927336003, 
 238.0000000000000, .1392036734540973E-05, 1392.036734540973, 
 239.0000000000000, .1386757113761637E-05, 1386.757113761636, 
 240.0000000000000, .1381821670698175E-05, 1381.821670698175, 
 241.0000000000000, .1377232950798226E-05, 1377.232950798226, 
 242.0000000000000, .1372993446797800E-05, 1372.993446797800, 
 243.0000000000000, .1369105570980707E-05, 1369.105570980707, 
 244.0000000000000, .1365571692777832E-05, 1365.571692777832, 
 245.0000000000000, .1362394114552162E-05, 1362.394114552162, 
 246.0000000000000, .1359575082616905E-05, 1359.575082616905, 
 247.0000000000000, .1357116792495435E-05, 1357.116792495435, 
 248.0000000000000, .1355021363600982E-05, 1355.021363600982, 
 249.0000000000000, .1353290868721340E-05, 1353.290868721340, 
 250.0000000000000, .1351927324659997E-05, 1351.927324659997, 
 251.0000000000000, .1350932676145394E-05, 1350.932676145394, 
 252.0000000000000, .1350308825112000E-05, 1350.308825112000, 
 253.0000000000000, .1350057606428507E-05, 1350.057606428507, 
 254.0000000000000, .1350180804161362E-05, 1350.180804161362, 
 255.0000000000000, .1350680150346152E-05, 1350.680150346152, 
 256.0000000000000, .1351557303011161E-05, 1351.557303011161, 
 257.0000000000000, .1352813881047263E-05, 1352.813881047264, 
 258.0000000000000, .1354451442471785E-05, 1354.451442471785, 
 259.0000000000000, .1356471485501864E-05, 1356.471485501864, 
 260.0000000000000, .1358875467958283E-05, 1358.875467958283, 
 261.0000000000000, .1361664769055600E-05, 1361.664769055600, 
 262.0000000000000, .1364840730645240E-05, 1364.840730645240, 
 263.0000000000000, .1368404649069372E-05, 1368.404649069372, 
 264.0000000000000, .1372357734152522E-05, 1372.357734152522, 
 265.0000000000000, .1376701178087804E-05, 1376.701178087804, 
 266.0000000000000, .1381436097347059E-05, 1381.436097347059, 
 267.0000000000000, .1386563580442502E-05, 1386.563580442502, 
 268.0000000000000, .1392084639841085E-05, 1392.084639841085, 
 269.0000000000000, .1398000241139403E-05, 1398.000241139403, 
 270.0000000000000, .1404311308017358E-05, 1404.311308017358, 
 271.0000000000000, .1411018708385478E-05, 1411.018708385478, 
 272.0000000000000, .1418123256487474E-05, 1418.123256487474, 
 273.0000000000000, .1425625726000274E-05, 1425.625726000274, 
 274.0000000000000, .1433526842686018E-05, 1433.526842686018, 
 275.0000000000000, .1441827262832949E-05, 1441.827262832949, 
 276.0000000000000, .1450527615023538E-05, 1450.527615023538, 
 277.0000000000000, .1459628474095340E-05, 1459.628474095340, 
 278.0000000000000, .1469130367542190E-05, 1469.130367542190, 
 279.0000000000000, .1479033771042034E-05, 1479.033771042034, 
 280.0000000000000, .1489339118117348E-05, 1489.339118117348, 
 281.0000000000000, .1500046804195298E-05, 1500.046804195298, 
 282.0000000000000, .1511157158026989E-05, 1511.157158026989, 
 283.0000000000000, .1522670487762838E-05, 1522.670487762838, 
 284.0000000000000, .1534587034554311E-05, 1534.587034554311, 
 285.0000000000000, .1546907012552513E-05, 1546.907012552513, 
 286.0000000000000, .1559630578726879E-05, 1559.630578726879, 
 287.0000000000000, .1572757873123973E-05, 1572.757873123973, 
 288.0000000000000, .1586288942169163E-05, 1586.288942169163, 
 289.0000000000000, .1600223844809420E-05, 1600.223844809420, 
 290.0000000000000, .1614562570308346E-05, 1614.562570308346, 
 291.0000000000000, .1629305056313984E-05, 1629.305056313985, 
 292.0000000000000, .1644451245370903E-05, 1644.451245370903, 
 293.0000000000000, .1660000973905690E-05, 1660.000973905690, 
 294.0000000000000, .1675954083517933E-05, 1675.954083517933, 
 295.0000000000000, .1692310377915792E-05, 1692.310377915792, 
 296.0000000000000, .1709069585425224E-05, 1709.069585425224, 
 297.0000000000000, .1726231441588991E-05, 1726.231441588991, 
 298.0000000000000, .1743795615405758E-05, 1743.795615405759, 
 299.0000000000000, .1761761739928742E-05, 1761.761739928742, 
 300.0000000000000, .1780129421351403E-05, 1780.129421351403, 
 301.0000000000000, .1798898219358401E-05, 1798.898219358401, 
 302.0000000000000, .1818067664936583E-05, 1818.067664936583, 
 303.0000000000000, .1837637242890355E-05, 1837.637242890356, 
 304.0000000000000, .1857606418603015E-05, 1857.606418603016, 
 305.0000000000000, .1877974611899854E-05, 1877.974611899854, 
 306.0000000000000, .1898741216057439E-05, 1898.741216057439, 
 307.0000000000000, .1919905578413082E-05, 1919.905578413082, 
 308.0000000000000, .1941467008425123E-05, 1941.467008425123, 
 309.0000000000000, .1963424815334719E-05, 1963.424815334719, 
 310.0000000000000, .1985778240998678E-05, 1985.778240998678, 
 311.0000000000000, .2008526507420881E-05, 2008.526507420881, 
 312.0000000000000, .2031668815629284E-05, 2031.668815629284, 
 313.0000000000000, .2055204314617254E-05, 2055.204314617254, 
 314.0000000000000, .2079132146360320E-05, 2079.132146360320, 
 315.0000000000000, .2103451394307254E-05, 2103.451394307254, 
 316.0000000000000, .2128161139522262E-05, 2128.161139522262, 
 317.0000000000000, .2153260417125379E-05, 2153.260417125379, 
 318.0000000000000, .2178748248042402E-05, 2178.748248042402, 
 319.0000000000000, .2204623598101838E-05, 2204.623598101838, 
 320.0000000000000, .2230885428645968E-05, 2230.885428645968, 
 321.0000000000000, .2257532676802263E-05, 2257.532676802263, 
 322.0000000000000, .2284564226400851E-05, 2284.564226400851, 
 323.0000000000000, .2311978963677347E-05, 2311.978963677347, 
 324.0000000000000, .2339775723770950E-05, 2339.775723770950, 
 325.0000000000000, .2367953351232667E-05, 2367.953351232667, 
 326.0000000000000, .2396510606272740E-05, 2396.510606272740, 
 327.0000000000000, .2425446280132123E-05, 2425.446280132123, 
 328.0000000000000, .2454759119576105E-05, 2454.759119576106, 
 329.0000000000000, .2484447838882703E-05, 2484.447838882703, 
 330.0000000000000, .2514511142084899E-05, 2514.511142084899, 
 331.0000000000000, .2544947695961221E-05, 2544.947695961221, 
 332.0000000000000, .2575756143528889E-05, 2575.756143528889, 
 333.0000000000000, .2606935133321000E-05, 2606.935133321000, 
 334.0000000000000, .2638483259532303E-05, 2638.483259532303, 
 335.0000000000000, .2670399105612596E-05, 2670.399105612596, 
 336.0000000000000, .2702681236448100E-05, 2702.681236448100, 
 337.0000000000000, .2735328202012771E-05, 2735.328202012771, 
 338.0000000000000, .2768338494927452E-05, 2768.338494927452, 
 339.0000000000000, .2801710646839524E-05, 2801.710646839524, 
 340.0000000000000, .2835443126474014E-05, 2835.443126474014, 
 341.0000000000000, .2869534399202803E-05, 2869.534399202803, 
 342.0000000000000, .2903982889754249E-05, 2903.982889754249, 
 343.0000000000000, .2938787037026047E-05, 2938.787037026047, 
 344.0000000000000, .2973945231353123E-05, 2973.945231353123, 
 345.0000000000000, .3009455871327871E-05, 3009.455871327871, 
 346.0000000000000, .3045317323460635E-05, 3045.317323460635, 
 347.0000000000000, .3081527929390416E-05, 3081.527929390416, 
 348.0000000000000, .3118086037979034E-05, 3118.086037979034, 
 349.0000000000000, .3154989951487945E-05, 3154.989951487945, 
 350.0000000000000, .3192237976121542E-05, 3192.237976121542, 
 351.0000000000000, .3229828384632939E-05, 3229.828384632939, 
 352.0000000000000, .3267759470648854E-05, 3267.759470648853, 
 353.0000000000000, .3306029468979559E-05, 3306.029468979559, 
 354.0000000000000, .3344636611921335E-05, 3344.636611921335, 
 355.0000000000000, .3383579140632120E-05, 3383.579140632120, 
 356.0000000000000, .3422855256864863E-05, 3422.855256864863, 
 357.0000000000000, .3462463149988300E-05, 3462.463149988300, 
 358.0000000000000, .3502400998778340E-05, 3502.400998778340, 
 359.0000000000000, .3542666982386806E-05, 3542.666982386806, 
 360.0000000000000, .3583259236904739E-05, 3583.259236904739, 
 361.0000000000000, .3624175927572801E-05, 3624.175927572800, 
 362.0000000000000, .3665415168911321E-05, 3665.415168911321, 
 363.0000000000000, .3706975074525918E-05, 3706.975074525918, 
 364.0000000000000, .3748853755510589E-05, 3748.853755510589, 
 365.0000000000000, .3791049298504472E-05, 3791.049298504472, 
 366.0000000000000, .3833559791928864E-05, 3833.559791928864, 
 367.0000000000000, .3876383307142091E-05, 3876.383307142091, 
 368.0000000000000, .3919517892214154E-05, 3919.517892214154, 
 369.0000000000000, .3962961592913498E-05, 3962.961592913497, 
 370.0000000000000, .4006712475380385E-05, 4006.712475380386, 
 371.0000000000000, .4050768539111037E-05, 4050.768539111037, 
 372.0000000000000, .4095127815721502E-05, 4095.127815721502, 
 373.0000000000000, .4139788315163180E-05, 4139.788315163180, 
 374.0000000000000, .4184748042685424E-05, 4184.748042685424, 
 375.0000000000000, .4230004965881298E-05, 4230.004965881299, 
 376.0000000000000, .4275557089039025E-05, 4275.557089039025, 
 377.0000000000000, .4321402392582100E-05, 4321.402392582099, 
 378.0000000000000, .4367538822567518E-05, 4367.538822567518, 
 379.0000000000000, .4413964353209598E-05, 4413.964353209599, 
 380.0000000000000, .4460676916752856E-05, 4460.676916752856, 
 381.0000000000000, .4507674480321268E-05, 4507.674480321268, 
 382.0000000000000, .4554954957472783E-05, 4554.954957472783, 
 383.0000000000000, .4602516293858924E-05, 4602.516293858924, 
 384.0000000000000, .4650356396447217E-05, 4650.356396447217, 
 385.0000000000000, .4698473198198935E-05, 4698.473198198935, 
 386.0000000000000, .4746864591961228E-05, 4746.864591961228, 
 387.0000000000000, .4795528495031189E-05, 4795.528495031189, 
 388.0000000000000, .4844462800944943E-05, 4844.462800944943, 
 389.0000000000000, .4893665403493826E-05, 4893.665403493826, 
 390.0000000000000, .4943134178627949E-05, 4943.134178627949, 
 391.0000000000000, .4992867022642902E-05, 4992.867022642902, 
 392.0000000000000, .5042861808140391E-05, 5042.861808140391, 
 393.0000000000000, .5093116412972541E-05, 5093.116412972540, 
 394.0000000000000, .5143628688053963E-05, 5143.628688053963, 
 395.0000000000000, .5194396520868479E-05, 5194.396520868479, 
 396.0000000000000, .5245417758122727E-05, 5245.417758122727, 
 397.0000000000000, .5296690251871680E-05, 5296.690251871680, 
 398.0000000000000, .5348211858877613E-05, 5348.211858877613, 
 399.0000000000000, .5399980426468462E-05, 5399.980426468463, 
 400.0000000000000, .5451993800336037E-05, 5451.993800336037, 
 401.0000000000000, .5504249823956559E-05, 5504.249823956559, 
 402.0000000000000, .5556746349166638E-05, 5556.746349166639, 
 403.0000000000000, .5609481188145648E-05, 5609.481188145647, 
 404.0000000000000, .5662452190778123E-05, 5662.452190778123, 
 405.0000000000000, .5715657192946637E-05, 5715.657192946637, 
 406.0000000000000, .5769094003801405E-05, 5769.094003801405, 
 407.0000000000000, .5822760480852546E-05, 5822.760480852546, 
 408.0000000000000, .5876654441047127E-05, 5876.654441047127, 
 409.0000000000000, .5930773682458966E-05, 5930.773682458966, 
 410.0000000000000, .5985116064816901E-05, 5985.116064816901, 
 411.0000000000000, .6039679385778772E-05, 6039.679385778772, 
 412.0000000000000, .6094461480823457E-05, 6094.461480823457, 
 413.0000000000000, .6149460162985578E-05, 6149.460162985578, 
 414.0000000000000, .6204673260943947E-05, 6204.673260943947, 
 415.0000000000000, .6260098576988404E-05, 6260.098576988404, 
 416.0000000000000, .6315733933238846E-05, 6315.733933238846, 
 417.0000000000000, .6371577171271687E-05, 6371.577171271687, 
 418.0000000000000, .6427626068989841E-05, 6427.626068989841, 
 419.0000000000000, .6483878470514040E-05, 6483.878470514040, 
 420.0000000000000, .6540332183784171E-05, 6540.332183784170, 
 421.0000000000000, .6596985035869345E-05, 6596.985035869345, 
 422.0000000000000, .6653834833487183E-05, 6653.834833487183, 
 423.0000000000000, .6710879410020579E-05, 6710.879410020579, 
 424.0000000000000, .6768116569085995E-05, 6768.116569085995, 
 425.0000000000000, .6825544149691472E-05, 6825.544149691472, 
 426.0000000000000, .6883159960394385E-05, 6883.159960394385, 
 427.0000000000000, .6940961836579846E-05, 6940.961836579846, 
 428.0000000000000, .6998947576373002E-05, 6998.947576373002, 
 429.0000000000000, .7057115034622680E-05, 7057.115034622680, 
 430.0000000000000, .7115462032083784E-05, 7115.462032083785, 
 431.0000000000000, .7173986381201487E-05, 7173.986381201487, 
 432.0000000000000, .7232685930186756E-05, 7232.685930186756, 
 433.0000000000000, .7291558514397174E-05, 7291.558514397175, 
 434.0000000000000, .7350601949420914E-05, 7350.601949420914, 
 435.0000000000000, .7409814085523168E-05, 7409.814085523168, 
 436.0000000000000, .7469192755744884E-05, 7469.192755744883, 
 437.0000000000000, .7528735815224912E-05, 7528.735815224913, 
 438.0000000000000, .7588441086530977E-05, 7588.441086530977, 
 439.0000000000000, .7648306445351542E-05, 7648.306445351542, 
 440.0000000000000, .7708329714827179E-05, 7708.329714827179, 
 441.0000000000000, .7768508747516676E-05, 7768.508747516677, 
 442.0000000000000, .7828841429113397E-05, 7828.841429113397, 
 443.0000000000000, .7889325591435342E-05, 7889.325591435342, 
 444.0000000000000, .7949959086471078E-05, 7949.959086471077, 
 445.0000000000000, .8010739797391586E-05, 8010.739797391587, 
 446.0000000000000, .8071665606373943E-05, 8071.665606373943, 
 447.0000000000000, .8132734355661854E-05, 8132.734355661854, 
 448.0000000000000, .8193943934389075E-05, 8193.943934389075, 
 449.0000000000000, .8255292234446794E-05, 8255.292234446793, 
 450.0000000000000, .8316777119016354E-05, 8316.777119016353, 
 451.0000000000000, .8378396475715492E-05, 8378.396475715492, 
 452.0000000000000, .8440148201462367E-05, 8440.148201462367, 
 453.0000000000000, .8502030202365868E-05, 8502.030202365868, 
 454.0000000000000, .8564040360770019E-05, 8564.040360770019, 
 455.0000000000000, .8626176568109541E-05, 8626.176568109540, 
 456.0000000000000, .8688436774460941E-05, 8688.436774460941, 
 457.0000000000000, .8750818860911077E-05, 8750.818860911077, 
 458.0000000000000, .8813320751228460E-05, 8813.320751228459, 
 459.0000000000000, .8875940351839106E-05, 8875.940351839106, 
 460.0000000000000, .8938675631356161E-05, 8938.675631356162, 
 461.0000000000000, .9001524464905574E-05, 9001.524464905573, 
 462.0000000000000, .9064484803605193E-05, 9064.484803605192, 
 463.0000000000000, .9127554623186288E-05, 9127.554623186288, 
 464.0000000000000, .9190731854643577E-05, 9190.731854643576, 
 465.0000000000000, .9254014407015328E-05, 9254.014407015327, 
 466.0000000000000, .9317400270944657E-05, 9317.400270944658, 
 467.0000000000000, .9380887417842374E-05, 9380.887417842374, 
 468.0000000000000, .9444473803979422E-05, 9444.473803979421, 
 469.0000000000000, .9508157386073722E-05, 9508.157386073721, 
 470.0000000000000, .9571936156265436E-05, 9571.936156265436, 
 471.0000000000000, .9635808096908618E-05, 9635.808096908619, 
 472.0000000000000, .9699771179957786E-05, 9699.771179957786, 
 473.0000000000000, .9763823411619441E-05, 9763.823411619442, 
 474.0000000000000, .9827962799238325E-05, 9827.962799238325, 
 475.0000000000000, .9892187329225014E-05, 9892.187329225015, 
 476.0000000000000, .9956495046225636E-05, 9956.495046225635, 
 477.0000000000000, .1002088390610201E-04, 10020.88390610201, 
 478.0000000000000, .1008535198755998E-04, 10085.35198755998, 
 479.0000000000000, .1014989729641478E-04, 10149.89729641478, 
 480.0000000000000, .1021451788183283E-04, 10214.51788183283, 
 481.0000000000000, .1027921176662001E-04, 10279.21176662001, 
 482.0000000000000, .1034397699217373E-04, 10343.97699217373, 
 483.0000000000000, .1040881164071781E-04, 10408.81164071781, 
 484.0000000000000, .1047371374511064E-04, 10473.71374511064, 
 485.0000000000000, .1053868138839147E-04, 10538.68138839147, 
 486.0000000000000, .1060371264076445E-04, 10603.71264076445, 
 487.0000000000000, .1066880554929890E-04, 10668.80554929890, 
 488.0000000000000, .1073395825117795E-04, 10733.95825117794, 
 489.0000000000000, .1079916880859111E-04, 10799.16880859112, 
 490.0000000000000, .1086443532328032E-04, 10864.43532328032, 
 491.0000000000000, .1092975590664287E-04, 10929.75590664287, 
 492.0000000000000, .1099512864041977E-04, 10995.12864041977, 
 493.0000000000000, .1106055169784030E-04, 11060.55169784030, 
 494.0000000000000, .1112602315689507E-04, 11126.02315689507, 
 495.0000000000000, .1119154117358766E-04, 11191.54117358766, 
 496.0000000000000, .1125710386089648E-04, 11257.10386089648, 
 497.0000000000000, .1132270939767179E-04, 11322.70939767179, 
 498.0000000000000, .1138835592372226E-04, 11388.35592372227, 
 499.0000000000000, .1145404158608524E-04, 11454.04158608524, 
 500.0000000000000, .1151976456023429E-04, 11519.76456023429, 
